ID.x,target,predicted_label,Seasons,Attempts,ForcedMissedTackleRate,ExplosiveRate,TDP,YardsAfterContact,YPRR,Strength_Power 5,ht_in,wt,arm_in,wing_in,c_reps,c_10y,c_40y,c_vj_in,c_bj_in,c_3c,c_ss20,est_40y,WAR,athleticism_score,production_score,Last_Season
Ashton Jeanty - 157196,0.02924894127924248,0.49084747,3,0.9886518384021789,0.9845665002269632,0.8011802088061734,0.8147980027235587,0.9804811620517476,0.9154160982264665,0,68.5,211.0,29.25,72.75,18.0,1.56,4.53,34.5,120.0,7.095,4.31,4.42,0.9829231541938724,83.18,98.29,2024
Cameron Skattebo - 147787,0.0016118630423373915,0.48258454,2,0.9773036768043577,0.976395823876532,0.6168860644575579,0.8238765320018157,0.8411257376305039,0.8840381991814461,1,69.5,219.0,29.875,73.875,18.0,1.56,4.53,39.5,123.0,7.095,4.31,4.59,0.9779005524861878,72.52,93.34,2024
Omarion Hampton - 162750,0.03703876024684625,0.38467896,3,0.9632319564230595,0.7916477530640036,0.6745347253744893,0.828869723104857,0.8651838402178847,0.6293769895407003,1,71.75,221.0,30.5,74.75,18.0,1.54,4.46,38.0,130.0,7.095,4.4,4.44,0.9653440482169764,82.29,83.76,2024
RJ Harvey - 99622,0.061838307329427605,0.37124,3,0.9437131184748071,0.9514298683613255,0.9432591920108943,0.8824330458465729,0.8692691783931004,0.8549340609367895,1,68.0,205.0,29.0,71.25,16.0,1.57,4.4,38.0,127.0,7.095,4.34,4.49,0.9537920642893019,75.0,85.55,2024
Dylan Sampson - 163772,0.08012767841185259,0.2842242,3,0.8397639582387654,0.8234226055379028,0.787562414888788,0.9509759418974126,0.9051293690422152,0.702137335152342,1,68.125,200.0,30.5,73.0,13.0,1.56,4.53,35.0,124.0,7.095,4.31,4.48,0.9387242591662481,76.09,77.98,2024
Bhayshul Tuten - 150568,0.028653661672910193,0.2654983,2,0.9241942805265547,0.9745801180208806,0.8175215615070358,0.879255560599183,0.9464366772582842,0.43838108231014095,1,69.25,206.0,29.5,72.875,18.0,1.49,4.32,40.5,130.0,7.095,4.41,4.35,0.2732295328980412,82.3,72.45,2024
Kaleb Johnson - 156419,0.01389738387144941,0.23918839,3,0.908760780753518,0.7830231502496595,0.35905583295506127,0.6640944167044939,0.8048116205174761,0.45566166439290584,1,73.0,224.0,33.0,78.5,18.0,1.62,4.57,34.5,120.0,7.095,4.31,4.52,0.8006027122049222,63.85,76.89,2024
Devin Neal - 144558,0.07956045886408274,0.2389881,4,0.9428052655469814,0.7444394008170676,0.6817975487970949,0.8252383113935542,0.7140263277349069,0.6230104592996817,1,71.125,213.0,29.625,71.75,18.0,1.59,4.58,37.5,124.0,7.095,4.31,4.53,0.9085886489201407,74.2,77.95,2024
Brashard Smith - 143951,0.06683839472594598,0.2102304,1,0.9791193826600091,0.7762142532909668,0.699046754425783,0.790285973672265,0.746255106672719,0.8949522510231923,0,69.875,194.0,30.5,74.0,18.0,1.58,4.39,32.5,117.0,7.095,4.31,4.49,0.9994977398292315,74.62,74.36,2024
Jarquez Hunter - 146662,0.0183807372007764,0.17783053,4,0.8161597821152973,0.9536995006808897,0.9069450748978666,0.6059918293236496,0.9210167952791648,0.6184629376989541,1,69.375,204.0,30.0,72.625,21.0,1.58,4.44,33.5,120.0,7.095,4.31,4.46,0.8658965344048217,75.96,71.77,2024
Jaydon Blue - 157303,0.04537276267000506,0.15945666,2,0.6572855197458012,0.9400817067635043,0.46981389014979574,0.6908760780753518,0.8197911938266,0.8863119599818099,1,69.0,196.0,29.875,75.5,18.0,1.52,4.38,34.5,120.0,7.095,4.31,4.48,0.8312405826217981,84.97,70.57,2024
Jordan James - 163295,0.08589130980412889,0.14524573,3,0.7925556059918293,0.7194734453018611,0.8043576940535633,0.9664094416704494,0.6677258284157966,0.5111414279217826,1,69.5,205.0,29.75,73.75,18.0,1.62,4.55,34.5,117.0,7.095,4.31,4.48,0.6740331491712708,64.91,70.25,2024
Phil Mafah - 144123,0.08560791974183544,0.13145132,4,0.8352246935996369,0.6091693145710395,0.43123014071720384,0.6323195642305947,0.8175215615070358,0.3542519326966803,1,72.625,234.0,31.375,77.625,18.0,1.56,4.53,34.5,120.0,7.095,4.31,4.56,0.19839276745354092,64.29,54.8,2024
Joquavious Marks - 124179,0.04890591907395591,0.11055365,5,0.7707671357240127,0.6114389468906037,0.4525646845211076,0.6681797548797095,0.33000453926463913,0.7485220554797636,1,70.125,207.0,29.125,71.875,18.0,1.57,4.54,35.0,119.0,7.095,4.24,4.52,0.9819186338523355,72.32,61.09,2024
Caden Durham - 184449,0.04433677018012118,0.09549635,1,0.8397639582387654,0.6654561960962324,0.4257830231502497,0.5283704039945529,0.8102587380844303,0.9258753979081401,1,70.3775,212.0,30.75,74.13,18.0,1.56,4.53,34.5,120.0,7.095,4.31,4.5,0.9186338523355098,70.95,69.04,2024
Quali Conley - 141259,0.05270348752113692,0.09364499,2,0.837948252383114,0.9473445301861099,0.8211529732183386,0.8007262823422605,0.9418974126191557,0.7821737153251478,1,70.3775,212.0,30.75,74.13,18.0,1.56,4.53,34.5,120.0,7.095,4.31,4.5,0.9090909090909091,70.95,69.04,2024
Kyle Monangai - 129891,0.03147216705513008,0.09175517,4,0.9046754425783023,0.7054017249205629,0.24375851112119837,0.5088515660463006,0.6536541080344984,0.34652114597544337,1,68.25,211.0,28.75,72.0,18.0,1.54,4.6,34.5,117.0,7.095,4.31,4.5,0.430939226519337,68.88,63.16,2024
CJ Campbell - 143876,0.00432228920796468,0.09027684,1,0.9010440308669996,0.9872900590104403,0.6559237403540626,0.8538356786200636,0.9387199273717658,0.956343792633015,0,70.3775,212.0,30.75,74.13,18.0,1.56,4.53,34.5,120.0,7.095,4.31,4.5,0.987945755901557,70.95,69.04,2024
Darius Taylor - 173422,0.06252085331388016,0.088925794,2,0.911484339536995,0.7884702678166137,0.687244666364049,0.5306400363141172,0.9110304130730822,0.8417462482946794,1,70.3775,212.0,30.75,74.13,18.0,1.56,4.53,34.5,120.0,7.095,4.31,4.5,0.9834254143646409,70.95,69.04,2024
Kalel Mullings - 129590,0.012648568845322273,0.08620532,2,0.7135724012709941,0.6808896958692692,0.4829777576032683,0.5887426236949614,0.9128461189287336,0.6111869031377899,1,73.5,226.0,31.75,78.0,18.0,1.56,4.53,34.5,120.0,7.095,4.31,4.58,0.6976393771973882,74.46,56.02,2024
Daylan Smothers - 173719,0.06484497119090478,0.08583018,1,0.5869269178393101,0.9546073536087154,0.9691330004539265,0.8610985020426691,0.9759418974126192,0.9627103228740337,1,70.3775,212.0,30.75,74.13,18.0,1.56,4.53,34.5,120.0,7.095,4.31,4.5,0.952787543947765,70.95,69.04,2024
Isaac Brown - 183312,0.07753647628426917,0.083133325,1,0.8992283250113482,0.8361325465274626,0.9378120744439401,0.8620063549704948,0.9464366772582842,0.5775352432924057,1,70.3775,212.0,30.75,74.13,18.0,1.56,4.53,34.5,120.0,7.095,4.31,4.5,0.9608237066800602,70.95,69.04,2024
Bryson Washington - 174649,0.031366895005212746,0.08288136,1,0.9201089423513391,0.44439400817067637,0.513390830685429,0.8633681343622334,0.9505220154334998,0.8285584356525694,1,70.3775,212.0,30.75,74.13,18.0,1.56,4.53,34.5,120.0,7.095,4.31,4.5,0.9663485685585133,70.95,69.04,2024
Desmond Reid - 159936,0.05675741625552813,0.08178812,1,0.932364956876986,0.9296413980935089,0.5115751248297776,0.24466636404902406,0.4643667725828416,0.9236016371077762,1,70.3775,212.0,30.75,74.13,18.0,1.56,4.53,34.5,120.0,7.095,4.31,4.5,0.9974886991461577,70.95,69.04,2024
Jeremiyah Love - 171090,0.07271910050605632,0.081179775,2,0.7435315478892419,0.9795733091239219,0.6949614162505674,0.7793917385383567,0.9518837948252383,0.8667576170986813,1,70.3775,212.0,30.75,74.13,18.0,1.56,4.53,34.5,120.0,7.095,4.31,4.5,0.9502762430939227,70.95,69.04,2024
Marion Lukes - 145697,0.09444587632784321,0.08062134,3,0.7489786654561961,0.8837948252383114,0.7684975034044484,0.5197458011802089,0.82296867907399,0.9249658935879945,0,70.3775,212.0,30.75,74.13,18.0,1.56,4.53,34.5,120.0,7.095,4.31,4.5,0.9321948769462581,70.95,69.04,2024
Jonah Coleman - 158717,0.04950396315897309,0.07976301,3,0.8061733999092147,0.9777576032682705,0.8565592374035407,0.6250567408079891,0.9546073536087154,0.5738972260118236,1,70.3775,212.0,30.75,74.13,18.0,1.56,4.53,34.5,120.0,7.095,4.31,4.5,0.9382219989954796,70.95,69.04,2024
Nicholas Singleton - 164188,0.049036927713589376,0.0782028,3,0.9037675896504767,0.4775306400363141,0.6445755787562415,0.8352246935996369,0.867453472537449,0.8040018190086403,1,70.3775,212.0,30.75,74.13,18.0,1.56,4.53,34.5,120.0,7.095,4.31,4.5,0.8930185836263185,70.95,69.04,2024
Braydon Bennett - 122318,0.06359003593513561,0.07674932,3,0.6500226963231956,0.952791647753064,0.9464366772582842,0.9319110304130731,0.8828869723104857,0.9386084583901774,0,70.3775,212.0,30.75,74.13,18.0,1.56,4.53,34.5,120.0,7.095,4.31,4.5,0.8739326971371171,70.95,69.04,2024
Seth McGowan - 122936,0.05283423777397361,0.07587774,2,0.693145710394916,0.9314571039491603,0.8815251929187472,0.39128461189287334,0.8143440762596459,0.9804456571168713,0,70.3775,212.0,30.75,74.13,18.0,1.56,4.53,34.5,120.0,7.095,4.31,4.5,0.9412355600200905,70.95,69.04,2024
Fluff Bothwell - 190075,0.09957817501352806,0.0752638,1,0.7262823422605538,0.9396277802995915,0.9405356332274172,0.9891057648660917,0.9818429414434862,0.4220100045475216,0,70.3775,212.0,30.75,74.13,18.0,1.56,4.53,34.5,120.0,7.095,4.31,4.5,0.8839779005524862,70.95,69.04,2024
AJ Turner - 156791,0.0423106460124461,0.07515541,1,0.681343622333182,0.6246028143440763,0.7185655923740354,0.7576032682705401,0.9795733091239219,0.5852660300136425,0,70.3775,212.0,30.75,74.13,18.0,1.56,4.53,34.5,120.0,7.095,4.31,4.5,0.8890005022601708,70.95,69.04,2024
Ahmad Hardy - 190013,0.043086276332964385,0.074557684,1,0.9836586472991375,0.9863822060826146,0.6318656377666818,0.7190195188379482,0.9618701770313209,0.4579354251932697,0,70.3775,212.0,30.75,74.13,18.0,1.56,4.53,34.5,120.0,7.095,4.31,4.5,0.833249623304872,70.95,69.04,2024
Aneyas Williams - 184108,0.05543832497177721,0.07404506,1,0.11348161597821153,0.9972764412165229,0.6677258284157966,0.7689514298683613,0.9750340444847935,0.9199636198271942,1,70.3775,212.0,30.75,74.13,18.0,1.56,4.53,34.5,120.0,7.095,4.31,4.5,0.8884982420894023,70.95,69.04,2024
Taron Keith - 130368,0.05672674224723028,0.073203646,4,0.3191103041307308,0.9986382206082615,0.7144802541988198,0.6028143440762597,0.6309577848388561,0.9381537062301046,0,70.3775,212.0,30.75,74.13,18.0,1.56,4.53,34.5,120.0,7.095,4.31,4.5,0.9658463083877449,70.95,69.04,2024
Evan Pryor - 145057,0.02714918364634583,0.07293167,1,0.3195642305946437,0.46890603722197005,0.6318656377666818,0.9832047208352247,0.9931911030413073,0.9554342883128695,1,70.3775,212.0,30.75,74.13,18.0,1.56,4.53,34.5,120.0,7.095,4.31,4.5,0.904570567553993,70.95,69.04,2024
Jamarion Wilcox - 175162,0.06739359668194994,0.072526604,1,0.6073536087153881,0.902859736722651,0.9777576032682705,0.18066273263731275,0.9600544711756696,0.4579354251932697,1,70.3775,212.0,30.75,74.13,18.0,1.56,4.53,34.5,120.0,7.095,4.31,4.5,0.801607232546459,70.95,69.04,2024
Duke Watson - 190596,0.03550651263664025,0.07217403,1,0.43213799364502953,0.988197911938266,0.9396277802995915,0.9773036768043577,0.9886518384021789,0.7371532514779445,1,70.3775,212.0,30.75,74.13,18.0,1.56,4.53,34.5,120.0,7.095,4.31,4.5,0.8176795580110497,70.95,69.04,2024
Mario Anderson - 169699,0.01152845330451392,0.07212602,2,0.9400817067635043,0.9046754425783023,0.6454834316840672,0.6295960054471176,0.8057194734453018,0.6402910413824465,0,70.3775,212.0,30.75,74.13,18.0,1.56,4.53,34.5,120.0,7.095,4.31,4.5,0.9131089904570567,70.95,69.04,2024
Tre Wisner - 176190,0.0895422580930767,0.07182636,1,0.9754879709487063,0.7389922832501135,0.4126191556967771,0.1861098502042669,0.6032682705401725,0.7335152341973624,1,70.3775,212.0,30.75,74.13,18.0,1.56,4.53,34.5,120.0,7.095,4.31,4.5,0.958312405826218,70.95,69.04,2024
Marquez Cooper - 130489,0.06759406128419274,0.07176922,5,0.9718565592374036,0.7231048570131638,0.554698138901498,0.6123467998184294,0.5996368588288697,0.28512960436562074,0,70.3775,212.0,30.75,74.13,18.0,1.56,4.53,34.5,120.0,7.095,4.31,4.5,0.8297338021094928,70.95,69.04,2024
Dean Connors - 156624,0.08938653678736391,0.07163166,3,0.6795279164775306,0.9237403540626419,0.7884702678166137,0.442578302315025,0.7975487970948706,0.7430650295588904,0,70.3775,212.0,30.75,74.13,18.0,1.56,4.53,34.5,120.0,7.095,4.31,4.5,0.9276745354093421,70.95,69.04,2024
Braedon Sloan - 150238,0.0909871659610209,0.07105635,1,0.8683613254652747,0.45301861098502044,0.09441670449387199,0.2401270994098956,0.3359055832955061,0.8353797180536607,0,70.3775,212.0,30.75,74.13,18.0,1.56,4.53,34.5,120.0,7.095,4.31,4.5,0.9246609743847313,70.95,69.04,2024
Elijah Young - 124223,0.05849042663214957,0.07042837,3,0.7326373127553336,0.7557875624148888,0.2292328642759873,0.19655015887426236,0.36495687698592827,0.8390177353342428,0,70.3775,212.0,30.75,74.13,18.0,1.56,4.53,34.5,120.0,7.095,4.31,4.5,0.9522852837769965,70.95,69.04,2024
JaKobi Jackson - 174248,0.06848258501106498,0.06995393,1,0.628234226055379,0.7448933272809805,0.5814798002723559,0.9042215161143895,0.8070812528370404,0.5698044565711687,1,70.3775,212.0,30.75,74.13,18.0,1.56,4.53,34.5,120.0,7.095,4.31,4.5,0.8091411351079859,70.95,69.04,2024
Robert Henry - 174094,0.07016877044789131,0.0683459,2,0.7830231502496595,0.7730367680435769,0.2687244666364049,0.8906037221970041,0.7158420335905583,0.5934515688949522,0,70.3775,212.0,30.75,74.13,18.0,1.56,4.53,34.5,120.0,7.095,4.31,4.5,0.9121044701155199,70.95,69.04,2024
Kiefer Sibley - 183481,0.059323790164629825,0.06822066,1,0.21561507035860192,0.6128007262823423,0.7576032682705401,0.0,0.8461189287335452,0.6971350613915416,0,70.3775,212.0,30.75,74.13,18.0,1.56,4.53,34.5,120.0,7.095,4.31,4.5,0.838774485183325,70.95,69.04,2024
Jaden Nixon - 144652,0.029397413222781145,0.06804605,3,0.5238311393554245,0.9042215161143895,0.53109396277803,0.3681343622333182,0.7821152973218338,0.857662573897226,0,70.3775,212.0,30.75,74.13,18.0,1.56,4.53,34.5,120.0,7.095,4.31,4.5,0.8854846810647916,70.95,69.04,2024
Dawson Pendergrass - 174637,0.008983186707236402,0.06740613,2,0.6622787108488425,0.8633681343622334,0.2578302315024966,0.7299137539718565,0.7399001361779391,0.6889495225102319,1,70.3775,212.0,30.75,74.13,18.0,1.56,4.53,34.5,120.0,7.095,4.31,4.5,0.8719236564540432,70.95,69.04,2024
Elijah Gilliam - 73621,0.09841282880236973,0.067283906,2,0.7017703132092601,0.7989105764866091,0.25419881979119385,0.7784838856105311,0.27190195188379485,0.7853569804456572,0,70.3775,212.0,30.75,74.13,18.0,1.56,4.53,34.5,120.0,7.095,4.31,4.5,0.8422903063787042,70.95,69.04,2024
Emmett Johnson - 156473,0.0803843316118926,0.067283906,2,0.6749886518384022,0.8238765320018157,0.39536995006808895,0.12346799818429414,0.5896504766227871,0.5929968167348795,1,70.3775,212.0,30.75,74.13,18.0,1.56,4.53,34.5,120.0,7.095,4.31,4.5,0.8242089402310396,70.95,69.04,2024
Demond Claiborne - 157523,0.014772284363962019,0.06719017,2,0.9300953245574217,0.5497049477984567,0.4911484339536995,0.5261007716749887,0.5837494325919201,0.683037744429286,1,70.3775,212.0,30.75,74.13,18.0,1.56,4.53,34.5,120.0,7.095,4.31,4.5,0.9126067302862882,70.95,69.04,2024
BJ Harris - 146874,0.029686077548067947,0.06630665,1,0.5946436677258284,0.5905583295506128,0.4416704493871993,0.34589196550158874,0.548797094870631,0.8863119599818099,0,70.3775,212.0,30.75,74.13,18.0,1.56,4.53,34.5,120.0,7.095,4.31,4.5,0.8287292817679558,70.95,69.04,2024
Sedrick Alexander - 172605,0.07383885525286797,0.06624448,2,0.8025419881979119,0.49160236041761235,0.05220154334997731,0.4607353608715388,0.33499773036768044,0.7430650295588904,1,70.3775,212.0,30.75,74.13,18.0,1.56,4.53,34.5,120.0,7.095,4.31,4.5,0.8945253641386238,70.95,69.04,2024
Josh Williams - 99171,0.06271740199860285,0.066020064,3,0.5928279618701771,0.7203812982296868,0.36949614162505673,0.8656377666817976,0.5034044484793464,0.7849022282855843,1,70.3775,212.0,30.75,74.13,18.0,1.56,4.53,34.5,120.0,7.095,4.31,4.5,0.8573581115017579,70.95,69.04,2024
Kyson Brown - 176525,0.08638539865096317,0.06594013,1,0.46300499319110305,0.9064911484339537,0.32410349523377213,0.25102133454380393,0.7771221062187925,0.9540700318326512,1,70.3775,212.0,30.75,74.13,18.0,1.56,4.53,34.5,120.0,7.095,4.31,4.5,0.8975389251632345,70.95,69.04,2024
Marcus Major - 99488,0.045252615102763794,0.06566201,4,0.36768043576940534,0.6404902405810259,0.29051293690422153,0.6799818429414435,0.5170222423967318,0.6407457935425194,1,70.3775,212.0,30.75,74.13,18.0,1.56,4.53,34.5,120.0,7.095,4.31,4.5,0.8101456554495229,70.95,69.04,2024
Michel Dukes - 99591,0.09181846335524409,0.06566201,4,0.3118474807081253,0.7603268270540172,0.5533363595097595,0.7013163867453472,0.598729005901044,0.6580263756252842,0,70.3775,212.0,30.75,74.13,18.0,1.56,4.53,34.5,120.0,7.095,4.31,4.5,0.8628829733802109,70.95,69.04,2024
Terion Stewart - 130386,0.026215872560770837,0.06553502,4,0.655015887426237,0.9931911030413073,0.9078529278256923,0.8828869723104857,0.9850204266908761,0.2246475670759436,0,70.3775,212.0,30.75,74.13,18.0,1.56,4.53,34.5,120.0,7.095,4.31,4.5,0.7338021094927172,70.95,69.04,2024
Noah Short - 163220,0.07026270109386581,0.06525787,1,0.4702678166137086,0.5655923740354063,0.9718565592374036,0.24466636404902406,0.790285973672265,0.9927239654388358,0,70.3775,212.0,30.75,74.13,18.0,1.56,4.53,34.5,120.0,7.095,4.31,4.5,0.8920140632847815,70.95,69.04,2024
Mel Brown - 169178,0.058998498037113184,0.06520405,1,0.7435315478892419,0.6904221516114389,0.6545619609623241,0.13617793917385385,0.8887880163413527,0.5934515688949522,0,70.3775,212.0,30.75,74.13,18.0,1.56,4.53,34.5,120.0,7.095,4.31,4.5,0.7513812154696132,70.95,69.04,2024
AlJay Henderson - 145676,0.04830342642627044,0.06518249,2,0.8048116205174761,0.23558783477076714,0.40717203812982294,0.6128007262823423,0.41625056740807986,0.7276034561164165,0,70.3775,212.0,30.75,74.13,18.0,1.56,4.53,34.5,120.0,7.095,4.31,4.5,0.837769964841788,70.95,69.04,2024
Davon Booth - 174754,0.027742396000738537,0.06517661,2,0.8216068996822514,0.7181116659101225,0.6840671811166591,0.5093054925102134,0.7635043123014071,0.4461118690313779,1,70.3775,212.0,30.75,74.13,18.0,1.56,4.53,34.5,120.0,7.095,4.31,4.5,0.7704671019588146,70.95,69.04,2024
Brandon High - 174095,0.04679875740567494,0.0650004,1,0.6132546527462551,0.7299137539718565,0.153427144802542,0.9550612800726282,0.418974126191557,0.30877671668940426,0,70.3775,212.0,30.75,74.13,18.0,1.56,4.53,34.5,120.0,7.095,4.31,4.5,0.8046207935710699,70.95,69.04,2024
Darrion Dupree - 183656,0.02769017900460029,0.06495413,1,0.5152065365410804,0.36087153881071266,0.16795279164775306,0.106218792555606,0.20653654108034497,0.937244201909959,1,70.3775,212.0,30.75,74.13,18.0,1.56,4.53,34.5,120.0,7.095,4.31,4.5,0.8638874937217479,70.95,69.04,2024
Jalen John - 131577,0.09798863079173878,0.06410709,2,0.5696777122106219,0.4525646845211076,0.3032228778937812,0.19064911484339536,0.4593735814798003,0.6221009549795361,0,70.3775,212.0,30.75,74.13,18.0,1.56,4.53,34.5,120.0,7.095,4.31,4.5,0.8397790055248618,70.95,69.04,2024
Peyton Jones - 170051,0.050997096148591936,0.063792326,1,0.5360871538810713,0.10304130730821606,0.32546527462551067,0.41625056740807986,0.09577848388561053,0.671668940427467,1,70.3775,212.0,30.75,74.13,18.0,1.56,4.53,34.5,120.0,7.095,4.31,4.5,0.8352586639879458,70.95,69.04,2024
Zak Wallace - 104843,0.0413089064175095,0.06370171,2,0.837948252383114,0.318656377666818,0.3200181570585565,0.7775760326827054,0.6954153427144802,0.1855388813096862,0,70.3775,212.0,30.75,74.13,18.0,1.56,4.53,34.5,120.0,7.095,4.31,4.5,0.050226017076845805,70.95,69.04,2024
Landon Sims - 146065,0.018832987706075346,0.0634226,2,0.41034952337721287,0.6827054017249206,0.64593735814798,0.12074443940081707,0.40898774398547433,0.9067758071850841,0,70.3775,212.0,30.75,74.13,18.0,1.56,4.53,34.5,120.0,7.095,4.31,4.5,0.903566047212456,70.95,69.04,2024
Cade Harris - 157896,0.0798846331213062,0.06332437,1,0.253744893327281,0.6191556967771221,0.9509759418974126,0.9455288243304585,0.7421697684975034,0.9731696225557072,0,70.3775,212.0,30.75,74.13,18.0,1.56,4.53,34.5,120.0,7.095,4.31,4.5,0.8955298844801607,70.95,69.04,2024
Jalen White - 122464,0.045551964229795676,0.06305071,4,0.8293236495687698,0.8887880163413527,0.6672719019518838,0.7893781207444394,0.817067635043123,0.30877671668940426,0,70.3775,212.0,30.75,74.13,18.0,1.56,4.53,34.5,120.0,7.095,4.31,4.5,0.323455549974887,70.95,69.04,2024
Makhi Hughes - 158417,0.08369323505357146,0.06302818,2,0.9909214707217431,0.7408079891057648,0.6472991375397186,0.5229232864275988,0.9064911484339537,0.44565711687130516,0,70.3775,212.0,30.75,74.13,18.0,1.56,4.53,34.5,120.0,7.095,4.31,4.5,0.6865896534404822,70.95,69.04,2024
Anthony Tyus - 145037,0.02408558977236245,0.06274815,3,0.7253744893327281,0.9423513390830686,0.6527462551066727,0.230140717203813,0.7117566954153427,0.2723965438835834,0,70.3775,212.0,30.75,74.13,18.0,1.56,4.53,34.5,120.0,7.095,4.31,4.5,0.796082370668006,70.95,69.04,2024
Rahjai Harris - 123814,0.01993280884966351,0.06250496,5,0.8302315024965955,0.6109850204266909,0.32228778937812075,0.572401270994099,0.3917385383567862,0.27694406548431105,0,70.3775,212.0,30.75,74.13,18.0,1.56,4.53,34.5,120.0,7.095,4.31,4.5,0.4992466097438473,70.95,69.04,2024
Tre Stewart - 160817,0.07017847159895146,0.06241698,1,0.9950068088969587,0.8325011348161597,0.8869723104857014,0.9614162505674081,0.9155696777122107,0.7180536607548886,0,70.3775,212.0,30.75,74.13,18.0,1.56,4.53,34.5,120.0,7.095,4.31,4.5,0.4809141135107986,70.95,69.04,2024
Kaytron Allen - 164158,0.07147714916424568,0.062328022,3,0.9337267362687245,0.7399001361779391,0.5928279618701771,0.5456196096232411,0.6554698138901498,0.5247839927239655,1,70.3775,212.0,30.75,74.13,18.0,1.56,4.53,34.5,120.0,7.095,4.31,4.5,0.6142641888498243,70.95,69.04,2024
Jeremy Payne - 183837,0.00800065200051291,0.06222183,1,0.29550612800726284,0.9736722650930549,0.10258738084430322,0.7389922832501135,0.14798002723558784,0.6498408367439745,1,70.3775,212.0,30.75,74.13,18.0,1.56,4.53,34.5,120.0,7.095,4.31,4.5,0.8694123556002009,70.95,69.04,2024
Rahsul Faison - 176482,0.08973029101087963,0.062187154,2,0.8860644575578757,0.9532455742169769,0.7707671357240127,0.5102133454380391,0.905583295506128,0.20645748067303318,0,70.3775,212.0,30.75,74.13,18.0,1.56,4.53,34.5,120.0,7.095,4.31,4.5,0.5052737317930688,70.95,69.04,2024
Jevon Jackson - 149110,0.03430860969639926,0.0620887,1,0.94416704493872,0.7271901951883795,0.2855197458011802,0.1693145710394916,0.7117566954153427,0.21418826739427013,0,70.3775,212.0,30.75,74.13,18.0,1.56,4.53,34.5,120.0,7.095,4.31,4.5,0.051230537418382724,70.95,69.04,2024
Brandon Chatman - 162541,0.012224354963250507,0.06199994,2,0.21561507035860192,0.6981389014979573,0.6486609169314571,0.32047208352246936,0.10485701316386746,0.9213278763074124,0,70.3775,212.0,30.75,74.13,18.0,1.56,4.53,34.5,120.0,7.095,4.31,4.5,0.8096433952787544,70.95,69.04,2024
AJ Newberry - 172623,0.022685145356420314,0.061901715,1,0.16886064457557876,0.6041761234679982,0.24648206990467544,0.911484339536995,0.24648206990467544,0.9363346975898136,1,70.3775,212.0,30.75,74.13,18.0,1.56,4.53,34.5,120.0,7.095,4.31,4.5,0.8337518834756403,70.95,69.04,2024
Demie SumoKarngbaye - 144006,0.03226551311236502,0.061823297,2,0.6073536087153881,0.9686790739900136,0.752156150703586,0.5996368588288697,0.8502042669087608,0.874943155979991,1,70.3775,212.0,30.75,74.13,18.0,1.56,4.53,34.5,120.0,7.095,4.31,4.5,0.30939226519337015,70.95,69.04,2024
Star Thomas - 156926,0.09378048415686961,0.061782498,3,0.8506581933726737,0.9446209714026328,0.49659555152065366,0.4548343168406718,0.6359509759418974,0.7180536607548886,1,70.3775,212.0,30.75,74.13,18.0,1.56,4.53,34.5,120.0,7.095,4.31,4.5,0.628327473631341,70.95,69.04,2024
Tawee Walker - 158097,0.08492485742866725,0.0616414,2,0.8561053109396278,0.9346345891965502,0.2791647753064004,0.796187017703132,0.5229232864275988,0.26239199636198274,1,70.3775,212.0,30.75,74.13,18.0,1.56,4.53,34.5,120.0,7.095,4.31,4.5,0.6012054244098443,70.95,69.04,2024
Jahiem White - 173192,0.09770288500601702,0.061636414,2,0.7948252383113935,0.9169314571039492,0.9682251475261008,0.5170222423967318,0.9178393100317749,0.7548885857207822,1,70.3775,212.0,30.75,74.13,18.0,1.56,4.53,34.5,120.0,7.095,4.31,4.5,0.4143646408839779,70.95,69.04,2024
Micah Bernard - 100583,0.0672826356205886,0.061636414,3,0.8029959146618247,0.9559691330004539,0.8238765320018157,0.24285065819337268,0.8620063549704948,0.7498863119599818,1,70.3775,212.0,30.75,74.13,18.0,1.56,4.53,34.5,120.0,7.095,4.31,4.5,0.22250125565042692,70.95,69.04,2024
Floyd Chalk - 167095,0.08703705044434536,0.061543174,1,0.8769859282796187,0.9119382660009079,0.5851112119836587,0.8452110758057195,0.7231048570131638,0.27330604820372895,0,70.3775,212.0,30.75,74.13,18.0,1.56,4.53,34.5,120.0,7.095,4.31,4.5,0.496735308890005,70.95,69.04,2024
Lee Beebe - 163009,0.02385492566633961,0.06118246,2,0.7135724012709941,0.9723104857013164,0.9518837948252383,0.7748524738992283,0.9777576032682705,0.7144156434743065,0,70.3775,212.0,30.75,74.13,18.0,1.56,4.53,34.5,120.0,7.095,4.31,4.5,0.4098442993470618,70.95,69.04,2024
Kentrel Bullock - 124129,0.010043584187181943,0.06118246,2,0.7476168860644575,0.9759418974126192,0.923286427598729,0.6064457557875624,0.8669995460735361,0.5670759436107321,0,70.3775,212.0,30.75,74.13,18.0,1.56,4.53,34.5,120.0,7.095,4.31,4.5,0.418884982420894,70.95,69.04,2024
Johnnie Daniels - 184755,0.046335776357471464,0.061144903,1,0.7017703132092601,0.9119382660009079,0.8098048116205174,0.424875170222424,0.8788016341352701,0.33424283765347884,1,70.3775,212.0,30.75,74.13,18.0,1.56,4.53,34.5,120.0,7.095,4.31,4.5,0.053741838272225013,70.95,69.04,2024
Abu Sama - 174686,0.0634400958551321,0.061144903,2,0.6804357694053563,0.9682251475261008,0.6958692691783931,0.5492510213345438,0.9950068088969587,0.3419736243747158,1,70.3775,212.0,30.75,74.13,18.0,1.56,4.53,34.5,120.0,7.095,4.31,4.5,0.32446007031642393,70.95,69.04,2024
Joey Mattord - 175055,0.04045385479446476,0.06110846,1,0.04675442578302315,0.18883340898774398,0.017703132092601,0.3690422151611439,0.2283250113481616,0.9699863574351978,0,70.3775,212.0,30.75,74.13,18.0,1.56,4.53,34.5,120.0,7.095,4.31,4.5,0.8724259166248116,70.95,69.04,2024
Avery Morrow - 128240,0.09835216092035556,0.06109087,3,0.8547435315478893,0.5615070358601907,0.3463458919655016,0.3295506128007263,0.5896504766227871,0.16734879490677582,0,70.3775,212.0,30.75,74.13,18.0,1.56,4.53,34.5,120.0,7.095,4.31,4.5,0.07935710698141638,70.95,69.04,2024
ReShaun Sanford - 173055,0.012968322056445325,0.060725365,1,0.628234226055379,0.9582387653200182,0.6704493871992737,0.09714026327734906,0.7839310031774852,0.8512960436562074,1,70.3775,212.0,30.75,74.13,18.0,1.56,4.53,34.5,120.0,7.095,4.31,4.5,0.06479156202913108,70.95,69.04,2024
Justin Marshall - 173460,0.022129760626887054,0.06069095,2,0.6967771221062188,0.964593735814798,0.8334089877439855,0.28688152519291876,0.8588288697231049,0.3215097771714416,0,70.3775,212.0,30.75,74.13,18.0,1.56,4.53,34.5,120.0,7.095,4.31,4.5,0.3500753390256153,70.95,69.04,2024
Gavin Williams - 129488,0.06241499797378908,0.06064002,4,0.5610531093962778,0.5642305946436678,0.48388561053109397,0.12029051293690422,0.47389922832501136,0.4038199181446112,0,70.3775,212.0,30.75,74.13,18.0,1.56,4.53,34.5,120.0,7.095,4.31,4.5,0.23807132094424913,70.95,69.04,2024
Mark Fletcher - 175374,0.08092784724322967,0.060636707,2,0.7017703132092601,0.7893781207444394,0.640036314117113,0.8347707671357241,0.8002723558783477,0.4461118690313779,1,70.3775,212.0,30.75,74.13,18.0,1.56,4.53,34.5,120.0,7.095,4.31,4.5,0.1531893520843797,70.95,69.04,2024
Jordon Simmons - 129634,0.014906200766843049,0.060590576,3,0.5224693599636859,0.3191103041307308,0.22696323195642307,0.08397639582387653,0.5610531093962778,0.4220100045475216,0,70.3775,212.0,30.75,74.13,18.0,1.56,4.53,34.5,120.0,7.095,4.31,4.5,0.7739829231541939,70.95,69.04,2024
Qua Ashley - 160363,0.035012551254155234,0.060572878,1,0.7607807535179301,0.8302315024965955,0.051747616886064454,0.08896958692691784,0.3250113481615978,0.8949522510231923,0,70.3775,212.0,30.75,74.13,18.0,1.56,4.53,34.5,120.0,7.095,4.31,4.5,0.4809141135107986,70.95,69.04,2024
Omiri Wiggins - 183950,0.05212968284618505,0.060538482,1,0.7113027689514299,0.8869723104857014,0.4008170676350431,0.41125737630503856,0.790285973672265,0.5111414279217826,0,70.3775,212.0,30.75,74.13,18.0,1.56,4.53,34.5,120.0,7.095,4.31,4.5,0.025615268709191362,70.95,69.04,2024
Xavier Robinson - 184603,0.048798123396797205,0.060490254,1,0.2623694961416251,0.5024965955515207,0.2614616432137994,0.9432591920108943,0.8756241488878802,0.984993178717599,1,70.3775,212.0,30.75,74.13,18.0,1.56,4.53,34.5,120.0,7.095,4.31,4.5,0.7910597689603215,70.95,69.04,2024
James Jones - 190015,0.02332935698878054,0.060409427,1,0.5152065365410804,0.14979573309123922,0.16795279164775306,0.106218792555606,0.3808443032228779,0.935425193269668,0,70.3775,212.0,30.75,74.13,18.0,1.56,4.53,34.5,120.0,7.095,4.31,4.5,0.7769964841788046,70.95,69.04,2024
Kye Robichaux - 145532,0.03840413283899768,0.060408883,4,0.7585111211983658,0.37085792101679527,0.4997730367680436,0.6218792555605992,0.5624148887880164,0.5002273760800364,1,70.3775,212.0,30.75,74.13,18.0,1.56,4.53,34.5,120.0,7.095,4.31,4.5,0.2466097438473129,70.95,69.04,2024
Charles Kellom - 156890,0.056810321381897844,0.060272805,1,0.5456196096232411,0.6182478438492964,0.22469359963685884,0.10349523377212891,0.6168860644575579,0.7917235106866758,0,70.3775,212.0,30.75,74.13,18.0,1.56,4.53,34.5,120.0,7.095,4.31,4.5,0.7192365645404319,70.95,69.04,2024
Keyon Mozee - 145809,0.07174649893036351,0.060267784,4,0.7094870630957785,0.4625510667271902,0.37085792101679527,0.3531547889241943,0.6109850204266909,0.06821282401091405,0,70.3775,212.0,30.75,74.13,18.0,1.56,4.53,34.5,120.0,7.095,4.31,4.5,0.5379206428930186,70.95,69.04,2024
JaiDen Thomas - 174080,0.04164366124004592,0.060145196,2,0.8202451202905129,0.7099409895596913,0.613708579210168,0.9273717657739446,0.6509305492510213,0.3069577080491132,0,70.3775,212.0,30.75,74.13,18.0,1.56,4.53,34.5,120.0,7.095,4.31,4.5,0.07985936715218483,70.95,69.04,2024
Anthony Hankerson - 157691,0.07625478137854338,0.060145196,3,0.7830231502496595,0.7775760326827054,0.2392192464820699,0.4938719927371766,0.34997730367680435,0.27103228740336516,1,70.3775,212.0,30.75,74.13,18.0,1.56,4.53,34.5,120.0,7.095,4.31,4.5,0.2968357609241587,70.95,69.04,2024
Damien Taylor - 147252,0.09471195399074334,0.060145196,2,0.7535179300953245,0.5764866091693146,0.7008624602814344,0.2614616432137994,0.7889241942805265,0.08640291041382446,0,70.3775,212.0,30.75,74.13,18.0,1.56,4.53,34.5,120.0,7.095,4.31,4.5,0.25715720743345055,70.95,69.04,2024
LJ Martin - 175035,0.07100463378231017,0.060145196,2,0.7716749886518384,0.8043576940535633,0.7880163413527008,0.5528824330458466,0.7635043123014071,0.3069577080491132,1,70.3775,212.0,30.75,74.13,18.0,1.56,4.53,34.5,120.0,7.095,4.31,4.5,0.12355600200904068,70.95,69.04,2024
Telly Johnson - 188420,0.06417698128090947,0.06004697,1,0.6749886518384022,0.8506581933726737,0.3899228325011348,0.45982750794371313,0.6808896958692692,0.06366530241018645,0,70.3775,212.0,30.75,74.13,18.0,1.56,4.53,34.5,120.0,7.095,4.31,4.5,0.42240080361627325,70.95,69.04,2024
Cam Cook - 173133,0.021401191490834626,0.06004697,1,0.7417158420335905,0.8529278256922379,0.4266908760780754,0.9282796187017703,0.1761234679981843,0.2405638926784902,1,70.3775,212.0,30.75,74.13,18.0,1.56,4.53,34.5,120.0,7.095,4.31,4.5,0.009040683073832245,70.95,69.04,2024
Jadan Baugh - 184417,0.04851493878230467,0.06004697,1,0.8098048116205174,0.6627326373127553,0.6945074897866546,0.6863368134362233,0.6808896958692692,0.1855388813096862,1,70.3775,212.0,30.75,74.13,18.0,1.56,4.53,34.5,120.0,7.095,4.31,4.5,0.45655449522852837,70.95,69.04,2024
Wayshawn Parker - 184224,0.059458087818094196,0.06004697,1,0.8216068996822514,0.7780299591466182,0.6677258284157966,0.277349069450749,0.7952791647753064,0.3619827194179172,1,70.3775,212.0,30.75,74.13,18.0,1.56,4.53,34.5,120.0,7.095,4.31,4.5,0.04269211451531894,70.95,69.04,2024
Antwain Littleton - 144892,0.08465062252707221,0.059991293,3,0.5224693599636859,0.5733091239219247,0.08079891057648661,0.4643667725828416,0.610531093962778,0.3083219645293315,0,70.3775,212.0,30.75,74.13,18.0,1.56,4.53,34.5,120.0,7.095,4.31,4.5,0.1125062782521346,70.95,69.04,2024
Cartevious Norton - 157582,0.09297636529038468,0.05994727,3,0.6613708579210168,0.908760780753518,0.4271448025419882,0.4339536995006809,0.6250567408079891,0.14597544338335608,0,70.3775,212.0,30.75,74.13,18.0,1.56,4.53,34.5,120.0,7.095,4.31,4.5,0.20291310899045706,70.95,69.04,2024
Elijah Davis - 176332,0.07646642151836308,0.05994727,2,0.655015887426237,0.7081252837040399,0.8729005901044031,0.8783477076713573,0.7948252383113935,0.21236925875397908,0,70.3775,212.0,30.75,74.13,18.0,1.56,4.53,34.5,120.0,7.095,4.31,4.5,0.233550979407333,70.95,69.04,2024
Jadarian Price - 156985,0.022073070979027932,0.05985832,2,0.5519745801180209,0.8320472083522469,0.8601906491148434,0.7989105764866091,0.9791193826600091,0.6407457935425194,1,70.3775,212.0,30.75,74.13,18.0,1.56,4.53,34.5,120.0,7.095,4.31,4.5,0.5178302360622803,70.95,69.04,2024
Antwan Raymond - 190489,0.055325734479671346,0.059849046,1,0.6572855197458012,0.6581933726736269,0.6913300045392646,0.9359963685882887,0.6264185201997277,0.3619827194179172,1,70.3775,212.0,30.75,74.13,18.0,1.56,4.53,34.5,120.0,7.095,4.31,4.5,0.2169763937719739,70.95,69.04,2024
Shane Porter - 144592,0.07747788987614222,0.059849046,1,0.6413980935088516,0.9228325011348162,0.946890603722197,0.6740807989105765,0.7635043123014071,0.31741700773078674,0,70.3775,212.0,30.75,74.13,18.0,1.56,4.53,34.5,120.0,7.095,4.31,4.5,0.0683073832245103,70.95,69.04,2024
LeVeon Moss - 158664,0.059683559577496006,0.05971897,3,0.5333635950975942,0.5796640944167045,0.566500226963232,0.752156150703586,0.8365864729913755,0.6389267849022283,1,70.3775,212.0,30.75,74.13,18.0,1.56,4.53,34.5,120.0,7.095,4.31,4.5,0.29984932194876945,70.95,69.04,2024
Camryn Edwards - 158615,0.07771624615706023,0.05961029,2,0.8134362233318202,0.4493871992737177,0.6522923286427599,0.5465274625510668,0.9305492510213346,0.7357889949977262,0,70.3775,212.0,30.75,74.13,18.0,1.56,4.53,34.5,120.0,7.095,4.31,4.5,0.6057257659467604,70.95,69.04,2024
Freddie Brock - 142276,0.08791424383895335,0.05956821,2,0.5855651384475715,0.9024058102587381,0.9418974126191557,0.5501588742623695,0.9895596913300045,0.4579354251932697,0,70.3775,212.0,30.75,74.13,18.0,1.56,4.53,34.5,120.0,7.095,4.31,4.5,0.23204419889502761,70.95,69.04,2024
Cameron Dickey - 184897,0.02931524686271794,0.05956365,1,0.19019518837948252,0.7417158420335905,0.8098048116205174,0.1988197911938266,0.7771221062187925,0.5934515688949522,1,70.3775,212.0,30.75,74.13,18.0,1.56,4.53,34.5,120.0,7.095,4.31,4.5,0.7533902561526871,70.95,69.04,2024
George Pettaway - 156351,0.019608404662899995,0.059561566,1,0.896958692691784,0.5333635950975942,0.958692691783931,0.30367680435769406,0.7158420335905583,0.7253296953160527,0,70.3775,212.0,30.75,74.13,18.0,1.56,4.53,34.5,120.0,7.095,4.31,4.5,0.4809141135107986,70.95,69.04,2024
Kylin James - 150195,0.07530711267273027,0.059508856,1,0.5869269178393101,0.970494779845665,0.8220608261461643,0.734453018610985,0.994098955969133,0.05320600272851296,0,70.3775,212.0,30.75,74.13,18.0,1.56,4.53,34.5,120.0,7.095,4.31,4.5,0.36313410346559516,70.95,69.04,2024
Dylan Carson - 173850,0.0943180571177083,0.05946956,2,0.6749886518384022,0.12165229232864276,0.4280526554698139,0.3377212891511575,0.6981389014979573,0.008640291041382447,0,70.3775,212.0,30.75,74.13,18.0,1.56,4.53,34.5,120.0,7.095,4.31,4.5,0.7147162230035158,70.95,69.04,2024
Terrez Worthy - 190679,0.020658340667407016,0.05939803,1,0.5152065365410804,0.9518837948252383,0.8660916931457104,0.6613708579210168,0.6463912846118929,0.46521145975443384,0,70.3775,212.0,30.75,74.13,18.0,1.56,4.53,34.5,120.0,7.095,4.31,4.5,0.2300351582119538,70.95,69.04,2024
Dante Dowdell - 174131,0.09502516250691508,0.059333805,1,0.8456650022696324,0.1466182478438493,0.3477076713572401,0.9487063095778484,0.3672265093054925,0.1250568440200091,1,70.3775,212.0,30.75,74.13,18.0,1.56,4.53,34.5,120.0,7.095,4.31,4.5,0.4103465595178302,70.95,69.04,2024
Carson Hansen - 174669,0.03559576679736146,0.059333805,1,0.8683613254652747,0.283250113481616,0.3018610985020427,0.9573309123921925,0.6922378574670903,0.3015006821282401,1,70.3775,212.0,30.75,74.13,18.0,1.56,4.53,34.5,120.0,7.095,4.31,4.5,0.024108488196885988,70.95,69.04,2024
Jordan Lyle - 189441,0.08732953268532846,0.059294585,1,0.3050385837494326,0.7948252383113935,0.8098048116205174,0.905583295506128,0.9691330004539265,0.2405638926784902,1,70.3775,212.0,30.75,74.13,18.0,1.56,4.53,34.5,120.0,7.095,4.31,4.5,0.7222501255650426,70.95,69.04,2024
Aidan Laughery - 158212,0.08933891631171348,0.059288155,1,0.6472991375397186,0.34089877439854743,0.7948252383113935,0.4970494779845665,0.8788016341352701,0.24602091859936334,1,70.3775,212.0,30.75,74.13,18.0,1.56,4.53,34.5,120.0,7.095,4.31,4.5,0.34354595680562533,70.95,69.04,2024
Jordan McDonald - 158449,0.006515759862180715,0.059208225,1,0.29550612800726284,0.6849750340444848,0.9836586472991375,0.7389922832501135,0.9891057648660917,0.8949522510231923,1,70.3775,212.0,30.75,74.13,18.0,1.56,4.53,34.5,120.0,7.095,4.31,4.5,0.6991461577096936,70.95,69.04,2024
Joe Jackson - 173106,0.05182427179770788,0.059199248,1,0.1584203359055833,0.5093054925102134,0.8751702224239674,0.22378574670903315,0.9346345891965502,0.7821737153251478,1,70.3775,212.0,30.75,74.13,18.0,1.56,4.53,34.5,120.0,7.095,4.31,4.5,0.7483676544450025,70.95,69.04,2024
Kanye Udoh - 171024,0.046995477931018895,0.05906472,2,0.8311393554244212,0.5383567862006355,0.4398547435315479,0.3404448479346346,0.7335451656831593,0.07958162801273307,0,70.3775,212.0,30.75,74.13,18.0,1.56,4.53,34.5,120.0,7.095,4.31,4.5,0.646911099949774,70.95,69.04,2024
Christian Washington - 163362,0.090801108366304,0.059022453,2,0.572401270994099,0.7834770767135724,0.30957784838856106,0.2133454380390377,0.6463912846118929,0.4943155979990905,0,70.3775,212.0,30.75,74.13,18.0,1.56,4.53,34.5,120.0,7.095,4.31,4.5,0.43043696634856854,70.95,69.04,2024
Josh McCray - 144799,0.007080517959519861,0.059022453,3,0.598729005901044,0.6413980935088516,0.3100317748524739,0.64593735814798,0.7834770767135724,0.7562528422010004,1,70.3775,212.0,30.75,74.13,18.0,1.56,4.53,34.5,120.0,7.095,4.31,4.5,0.3802109492717228,70.95,69.04,2024
Jaiden Credle - 158060,0.09181599182878919,0.058963098,3,0.5910122560145257,0.6427598729005901,0.19836586472991374,0.21016795279164777,0.2723558783477077,0.3160527512505684,0,70.3775,212.0,30.75,74.13,18.0,1.56,4.53,34.5,120.0,7.095,4.31,4.5,0.09743847312908087,70.95,69.04,2024
Herschel Turner - 191372,0.05370797938003441,0.0588964,1,0.5238311393554245,0.6999546073536087,0.5882886972310486,0.6477530640036314,0.8157058556513844,0.30877671668940426,0,70.3775,212.0,30.75,74.13,18.0,1.56,4.53,34.5,120.0,7.095,4.31,4.5,0.04218985434455048,70.95,69.04,2024
Zylan Perry - 156734,0.08240172008629407,0.058799252,2,0.5456196096232411,0.628234226055379,0.8824330458465729,0.41216522923286425,0.6863368134362233,0.19190541155070487,0,70.3775,212.0,30.75,74.13,18.0,1.56,4.53,34.5,120.0,7.095,4.31,4.5,0.06328478151682572,70.95,69.04,2024
Ahmani Marshall - 123391,0.04936850976503063,0.058627456,2,0.7240127099409895,0.1988197911938266,0.6087153881071267,0.6441216522923287,0.5769405356332274,0.4297407912687585,0,70.3775,212.0,30.75,74.13,18.0,1.56,4.53,34.5,120.0,7.095,4.31,4.5,0.6042189854344551,70.95,69.04,2024
Billy Lucas - 109083,0.06648724488032944,0.058627456,2,0.7535179300953245,0.3604176123467998,0.7621425329096686,0.5991829323649569,0.47889241942805266,0.40063665302410184,0,70.3775,212.0,30.75,74.13,18.0,1.56,4.53,34.5,120.0,7.095,4.31,4.5,0.24359618282270215,70.95,69.04,2024
Nate Frazier - 191146,0.03785938123264582,0.05852923,1,0.8098048116205174,0.37857467090331365,0.49251021334543804,0.7880163413527008,0.40898774398547433,0.4943155979990905,1,70.3775,212.0,30.75,74.13,18.0,1.56,4.53,34.5,120.0,7.095,4.31,4.5,0.2154696132596685,70.95,69.04,2024
Eli Heidenreich - 162554,0.016477936058949306,0.058525965,1,0.39627780299591464,0.9936450295052202,0.5978211529732184,0.5860190649114844,0.9155696777122107,0.9959072305593452,0,70.3775,212.0,30.75,74.13,18.0,1.56,4.53,34.5,120.0,7.095,4.31,4.5,0.7137117026619789,70.95,69.04,2024
Delbert Mimms - 99609,0.0932842532619742,0.058516204,3,0.6722650930549251,0.5483431684067182,0.06808896958692692,0.5537902859736723,0.30640036314117114,0.7421555252387448,0,70.3775,212.0,30.75,74.13,18.0,1.56,4.53,34.5,120.0,7.095,4.31,4.5,0.26670015067805125,70.95,69.04,2024
Mike Washington - 145672,0.09373626095513754,0.058486357,3,0.8029959146618247,0.3168406718111666,0.32137993645029506,0.4902405810258738,0.3309123921924648,0.3819918144611187,0,70.3775,212.0,30.75,74.13,18.0,1.56,4.53,34.5,120.0,7.095,4.31,4.5,0.03515821195379206,70.95,69.04,2024
Arnold Barnes - 169972,0.055237007529407314,0.058464337,1,0.5819337267362688,0.5061280072628235,0.46209714026327736,0.8679073990013618,0.4026327734906945,0.1855388813096862,0,70.3775,212.0,30.75,74.13,18.0,1.56,4.53,34.5,120.0,7.095,4.31,4.5,0.7167252636865896,70.95,69.04,2024
Eli Sanders - 144541,0.020705004988393307,0.058429543,3,0.6527462551066727,0.513390830685429,0.5506128007262824,0.3536087153881071,0.44212437585111214,0.5375170532060027,0,70.3775,212.0,30.75,74.13,18.0,1.56,4.53,34.5,120.0,7.095,4.31,4.5,0.44751381215469616,70.95,69.04,2024
DJ McKinney - 175620,0.04706887484465427,0.05841798,1,0.6413980935088516,0.2165229232864276,0.19927371765773944,0.30458465728551976,0.13254652746255108,0.7371532514779445,0,70.3775,212.0,30.75,74.13,18.0,1.56,4.53,34.5,120.0,7.095,4.31,4.5,0.4809141135107986,70.95,69.04,2024
EJ Smith - 131782,0.03655206182774445,0.058409724,4,0.17703132092600998,0.9623241034952338,0.6876985928279619,0.4666364049024058,0.4952337721289151,0.842655752614825,1,70.3775,212.0,30.75,74.13,18.0,1.56,4.53,34.5,120.0,7.095,4.31,4.5,0.6946258161727775,70.95,69.04,2024
Connor Walendzak - 171392,0.05645703425961436,0.058388133,1,0.7830231502496595,0.27780299591466184,0.082614616432138,0.0876078075351793,0.3359055832955061,0.263756252842201,0,70.3775,212.0,30.75,74.13,18.0,1.56,4.53,34.5,120.0,7.095,4.31,4.5,0.03415369161225515,70.95,69.04,2024
Michael Benefield - 109080,0.05664356149215415,0.058388133,1,0.8284157966409441,0.1643213799364503,0.15660463004993191,0.40898774398547433,0.21788470267816615,0.17007730786721237,0,70.3775,212.0,30.75,74.13,18.0,1.56,4.53,34.5,120.0,7.095,4.31,4.5,0.4809141135107986,70.95,69.04,2024
Amari Daniels - 146991,0.019422296057877087,0.058288444,3,0.6132546527462551,0.30049931911030414,0.40898774398547433,0.44802541988197914,0.6232410349523377,0.20554797635288768,1,70.3775,212.0,30.75,74.13,18.0,1.56,4.53,34.5,120.0,7.095,4.31,4.5,0.10848819688598695,70.95,69.04,2024
Jovantae Barnes - 158085,0.07878174334005028,0.058252253,3,0.6064457557875624,0.415796640944167,0.42260553790285976,0.4325919201089424,0.38629142078983203,0.3542519326966803,1,70.3775,212.0,30.75,74.13,18.0,1.56,4.53,34.5,120.0,7.095,4.31,4.5,0.15218483174284278,70.95,69.04,2024
Jaivian Thomas - 176564,0.050324742708250464,0.05819022,1,0.6572855197458012,0.4316840671811167,0.6913300045392646,0.8833408987743986,0.6264185201997277,0.31741700773078674,1,70.3775,212.0,30.75,74.13,18.0,1.56,4.53,34.5,120.0,7.095,4.31,4.5,0.030135610246107485,70.95,69.04,2024
Terry Wilkins - 121829,0.033694484967436114,0.05812036,1,0.3050385837494326,0.9373581479800273,0.33318202451202905,0.1484339536995007,0.7839310031774852,0.6666666666666666,0,70.3775,212.0,30.75,74.13,18.0,1.56,4.53,34.5,120.0,7.095,4.31,4.5,0.724761426418885,70.95,69.04,2024
Gerald Green - 97121,0.0027340781319454503,0.057860065,5,0.47571493418066274,0.7716749886518384,0.30866999546073537,0.7131184748070812,0.9359963685882887,0.3219645293315143,0,70.3775,212.0,30.75,74.13,18.0,1.56,4.53,34.5,120.0,7.095,4.31,4.5,0.3842290306378704,70.95,69.04,2024
Gemari Sands - 169923,0.06680727373286471,0.057656046,1,0.07625964593735815,0.9414434861552429,0.5011348161597822,0.8370403994552883,0.5120290512936905,0.9831741700773079,0,70.3775,212.0,30.75,74.13,18.0,1.56,4.53,34.5,120.0,7.095,4.31,4.5,0.7724761426418885,70.95,69.04,2024
Lawrance Toafili - 122421,0.03800419010243351,0.05761204,5,0.4271448025419882,0.6345891965501589,0.8443032228778938,0.5710394916023604,0.6967771221062188,0.8603910868576625,1,70.3775,212.0,30.75,74.13,18.0,1.56,4.53,34.5,120.0,7.095,4.31,4.5,0.25916624811652433,70.95,69.04,2024
Corey Kiner - 86392,0.05597378956447119,0.057537515,4,0.8311393554244212,0.8188833408987743,0.6214253290966864,0.34226055379028597,0.6454834316840672,0.12050932241928149,1,68.625,209.0,30.5,75.5,19.0,1.59,4.57,34.5,120.0,7.095,4.31,4.53,0.48568558513309895,65.74,57.56,2024
Aaron Young - 97161,0.017545175614749255,0.056730647,4,0.48660916931457104,0.5469813890149796,0.13436223331820246,0.5056740807989106,0.4861552428506582,0.6498408367439745,0,70.3775,212.0,30.75,74.13,18.0,1.56,4.53,34.5,120.0,7.095,4.31,4.5,0.1567051732797589,70.95,69.04,2024
Leo Pulalasi - 176689,0.05980400095485338,0.056656227,1,0.403994552882433,0.7807535179300953,0.2959600544711757,0.289151157512483,0.7158420335905583,0.28240109140518416,1,70.3775,212.0,30.75,74.13,18.0,1.56,4.53,34.5,120.0,7.095,4.31,4.5,0.7307885484681065,70.95,69.04,2024
Kelley Joiner - 101124,0.0918779277859129,0.056653794,5,0.5043123014071721,0.554698138901498,0.651838402178847,0.3386291420789832,0.6246028143440763,0.6921327876307413,0,70.3775,212.0,30.75,74.13,18.0,1.56,4.53,34.5,120.0,7.095,4.31,4.5,0.34907081868407835,70.95,69.04,2024
Tate Carney - 157522,0.08251995047326754,0.05646145,2,0.403994552882433,0.2047208352246936,0.09123921924648207,0.9255560599182933,0.6681797548797095,0.7412460209185994,1,70.3775,212.0,30.75,74.13,18.0,1.56,4.53,34.5,120.0,7.095,4.31,4.5,0.7468608739326972,70.95,69.04,2024
Kenyon Clay - 156837,0.007384550622622144,0.05646145,2,0.36858828869723104,0.5183840217884703,0.831593281888334,0.7140263277349069,0.34816159782115297,0.8535698044565712,0,70.3775,212.0,30.75,74.13,18.0,1.56,4.53,34.5,120.0,7.095,4.31,4.5,0.736815670517328,70.95,69.04,2024
Wayne Knight - 156712,0.06683342521492483,0.056456655,1,0.48660916931457104,0.9836586472991375,0.7476168860644575,0.2342260553790286,0.9818429414434862,0.8708503865393361,0,70.3775,212.0,30.75,74.13,18.0,1.56,4.53,34.5,120.0,7.095,4.31,4.5,0.4809141135107986,70.95,69.04,2024
JKoby Williams - 191359,0.01586791434705407,0.056363225,1,0.16886064457557876,0.34997730367680435,0.8547435315478893,0.6477530640036314,0.35179300953245574,0.9185993633469759,1,70.3775,212.0,30.75,74.13,18.0,1.56,4.53,34.5,120.0,7.095,4.31,4.5,0.748869914615771,70.95,69.04,2024
Nolan Ray - 170203,0.05276173979912377,0.05626029,1,0.47798456650022697,0.9655015887426237,0.41761234679981846,0.2401270994098956,0.9564230594643668,0.4038199181446112,1,70.3775,212.0,30.75,74.13,18.0,1.56,4.53,34.5,120.0,7.095,4.31,4.5,0.11099949773982923,70.95,69.04,2024
Sesi Vailahi - 174313,0.08444012610066154,0.05621721,1,0.19019518837948252,0.4348615524285066,0.03222877893781208,0.6132546527462551,0.024965955515206535,0.3246930422919509,1,70.3775,212.0,30.75,74.13,18.0,1.56,4.53,34.5,120.0,7.095,4.31,4.5,0.7498744349573079,70.95,69.04,2024
Bryson Donelson - 191080,0.0463652724885516,0.056172054,1,0.5079437131184749,0.6790739900136178,0.9423513390830686,0.44893327280980483,0.9804811620517476,0.4038199181446112,0,70.3775,212.0,30.75,74.13,18.0,1.56,4.53,34.5,120.0,7.095,4.31,4.5,0.09542943244600703,70.95,69.04,2024
Kedrick Reescano - 172525,0.03855315307013549,0.056172054,1,0.49750340444847935,0.9809350885156605,0.11348161597821153,0.10848842487517023,0.8411257376305039,0.44747612551159616,1,70.3775,212.0,30.75,74.13,18.0,1.56,4.53,34.5,120.0,7.095,4.31,4.5,0.2430939226519337,70.95,69.04,2024
Makenzie McGill - 173209,0.027698088679281543,0.056172054,1,0.5079437131184749,0.9555152065365411,0.9169314571039492,0.9922832501134816,0.958692691783931,0.561618917689859,0,70.3775,212.0,30.75,74.13,18.0,1.56,4.53,34.5,120.0,7.095,4.31,4.5,0.06529382219989954,70.95,69.04,2024
Viron Ellison - 190723,0.004660773964626885,0.056137998,1,0.36858828869723104,0.6068996822514753,0.9523377212891512,0.12755333635950977,0.9550612800726282,0.7917235106866758,0,70.3775,212.0,30.75,74.13,18.0,1.56,4.53,34.5,120.0,7.095,4.31,4.5,0.2802611752887996,70.95,69.04,2024
Hinckley Ropati - 122076,0.08977527442040371,0.056137998,2,0.29278256922378576,0.825692237857467,0.6849750340444848,0.16976849750340445,0.8520199727644122,0.9718053660754888,1,70.3775,212.0,30.75,74.13,18.0,1.56,4.53,34.5,120.0,7.095,4.31,4.5,0.41587142139628325,70.95,69.04,2024
Vaughn Pemberton - 145628,0.09353029069244762,0.056137998,2,0.259645937358148,0.6945074897866546,0.43032228778937814,0.1307308216068997,0.8629142078983205,0.574806730331969,0,70.3775,212.0,30.75,74.13,18.0,1.56,4.53,34.5,120.0,7.095,4.31,4.5,0.6443997990959317,70.95,69.04,2024
Quinten Joyner - 174151,0.07024516837594606,0.056137998,1,0.38538356786200634,0.9786654561960962,0.9623241034952338,0.6032682705401725,0.9768497503404449,0.5775352432924057,1,70.3775,212.0,30.75,74.13,18.0,1.56,4.53,34.5,120.0,7.095,4.31,4.5,0.1757910597689603,70.95,69.04,2024
Keyjuan Brown - 174695,0.09617851029340253,0.056137998,1,0.24648206990467544,0.9464366772582842,0.6822514752610077,0.8293236495687698,0.8965047662278711,0.7253296953160527,1,70.3775,212.0,30.75,74.13,18.0,1.56,4.53,34.5,120.0,7.095,4.31,4.5,0.6398794575590155,70.95,69.04,2024
Xavier Brown - 156371,0.08341859301765255,0.056137998,2,0.42033590558329553,0.6795279164775306,0.675442578302315,0.1230140717203813,0.843849296413981,0.5347885402455662,1,70.3775,212.0,30.75,74.13,18.0,1.56,4.53,34.5,120.0,7.095,4.31,4.5,0.6212958312405826,70.95,69.04,2024
Devin Roche - 172294,0.04919760488579481,0.056137998,2,0.14798002723558784,0.9977303676804358,0.9854743531547889,0.19473445301861098,0.8683613254652747,0.504774897680764,0,70.3775,212.0,30.75,74.13,18.0,1.56,4.53,34.5,120.0,7.095,4.31,4.5,0.5359116022099447,70.95,69.04,2024
Sione I Moa - 183773,0.01272070587032953,0.056137998,1,0.04675442578302315,0.9909214707217431,0.8424875170222424,0.9795733091239219,0.9754879709487063,0.8467485220554798,1,70.3775,212.0,30.75,74.13,18.0,1.56,4.53,34.5,120.0,7.095,4.31,4.5,0.6654947262682069,70.95,69.04,2024
Jekail Middlebrook - 170487,0.0738293737144718,0.056137998,1,0.35088515660463004,0.8824330458465729,0.6913300045392646,0.34589196550158874,0.8461189287335452,0.8613005911778081,0,70.3775,212.0,30.75,74.13,18.0,1.56,4.53,34.5,120.0,7.095,4.31,4.5,0.6564540431943747,70.95,69.04,2024
Jobi Malary - 103979,0.04811150151307367,0.056078643,1,0.23694961416250568,0.902859736722651,0.5188379482523832,0.5401724920562869,0.94098955969133,0.3015006821282401,0,70.3775,212.0,30.75,74.13,18.0,1.56,4.53,34.5,120.0,7.095,4.31,4.5,0.4809141135107986,70.95,69.04,2024
Adam Mohammed - 183644,0.03229589138531782,0.056078643,1,0.19019518837948252,0.9959146618247844,0.2165229232864276,0.0,0.8542896050839764,0.3419736243747158,1,70.3775,212.0,30.75,74.13,18.0,1.56,4.53,34.5,120.0,7.095,4.31,4.5,0.1783023606228026,70.95,69.04,2024
Devin Spencer - 188360,0.028454919826713044,0.056019545,1,0.16886064457557876,0.14344076259645938,0.46209714026327736,0.0,0.6168860644575579,0.21418826739427013,0,70.3775,212.0,30.75,74.13,18.0,1.56,4.53,34.5,120.0,7.095,4.31,4.5,0.7538925163234556,70.95,69.04,2024
Justice Haynes - 172379,0.018532191125874852,0.05596291,2,0.28370403994552884,0.6482069904675443,0.8919655015887427,0.9523377212891512,0.8234226055379028,0.19190541155070487,1,70.3775,212.0,30.75,74.13,18.0,1.56,4.53,34.5,120.0,7.095,4.31,4.5,0.6835760924158715,70.95,69.04,2024
Jalen Dupree - 191053,0.047399188133066164,0.05588098,1,0.0,0.6581933726736269,0.9319110304130731,0.4761688606445756,0.8860644575578757,0.08685766257389722,0,70.3775,212.0,30.75,74.13,18.0,1.56,4.53,34.5,120.0,7.095,4.31,4.5,0.4525364138623807,70.95,69.04,2024
Jeremiah Coney - 174777,0.08020756670389831,0.05588098,1,0.08851566046300499,0.5769405356332274,0.46209714026327736,0.0,0.8756241488878802,0.008640291041382447,1,70.3775,212.0,30.75,74.13,18.0,1.56,4.53,34.5,120.0,7.095,4.31,4.5,0.4339527875439478,70.95,69.04,2024
Isaiah Augustave - 172398,0.062496445320885344,0.05588098,2,0.3477076713572401,0.8433953699500681,0.19972764412165228,0.4457557875624149,0.9110304130730822,0.19326966803092316,1,70.3775,212.0,30.75,74.13,18.0,1.56,4.53,34.5,120.0,7.095,4.31,4.5,0.13862380713209443,70.95,69.04,2024
Salahadin Allah - 191210,0.01573706773279936,0.05588098,1,0.3050385837494326,0.7948252383113935,0.5102133454380391,0.1484339536995007,0.9046754425783023,0.08867667121418826,1,70.3775,212.0,30.75,74.13,18.0,1.56,4.53,34.5,120.0,7.095,4.31,4.5,0.2958312405826218,70.95,69.04,2024
DeSean Bishop - 174717,0.0980597342061989,0.05588098,1,0.4702678166137086,0.5655923740354063,0.784384929641398,0.4911484339536995,0.9332728098048116,0.1123237835379718,1,70.3775,212.0,30.75,74.13,18.0,1.56,4.53,34.5,120.0,7.095,4.31,4.5,0.5268709191361125,70.95,69.04,2024
Greg Burrell - 184204,0.024465978706263505,0.05588098,1,0.39627780299591464,0.920562868815252,0.8243304584657285,0.5860190649114844,0.9723104857013164,0.1123237835379718,0,70.3775,212.0,30.75,74.13,18.0,1.56,4.53,34.5,120.0,7.095,4.31,4.5,0.35911602209944754,70.95,69.04,2024
Matt Jones - 146805,0.008985440439667291,0.05588098,1,0.21561507035860192,0.7807535179300953,0.5773944620971403,0.8679073990013618,0.908760780753518,0.2214643019554343,1,70.3775,212.0,30.75,74.13,18.0,1.56,4.53,34.5,120.0,7.095,4.31,4.5,0.5901557006529382,70.95,69.04,2024
NaQuari Rogers - 160350,0.01334843959899742,0.05586482,1,0.48660916931457104,0.6999546073536087,0.11756695415342715,0.8488424875170223,0.5329096686336814,0.14279217826284674,0,70.3775,212.0,30.75,74.13,18.0,1.56,4.53,34.5,120.0,7.095,4.31,4.5,0.5303867403314917,70.95,69.04,2024
Rickey Hunt - 171350,0.06882067666619975,0.05586482,1,0.48660916931457104,0.7448933272809805,0.28778937812074445,0.2342260553790286,0.5556059918293237,0.10959527057753524,0,70.3775,212.0,30.75,74.13,18.0,1.56,4.53,34.5,120.0,7.095,4.31,4.5,0.052235057759919636,70.95,69.04,2024
Dylan Edwards - 171893,0.06213283754279312,0.055830617,2,0.4702678166137086,0.9491602360417613,0.8588288697231049,0.4911484339536995,0.746255106672719,0.7867212369258754,1,70.3775,212.0,30.75,74.13,18.0,1.56,4.53,34.5,120.0,7.095,4.31,4.5,0.012054244098442994,70.95,69.04,2024
Kejon Owens - 123640,0.08993134954247056,0.055830617,3,0.4135270086246028,0.6309577848388561,0.5542442124375851,0.6659101225601453,0.5515206536541081,0.46521145975443384,0,70.3775,212.0,30.75,74.13,18.0,1.56,4.53,34.5,120.0,7.095,4.31,4.5,0.6298342541436464,70.95,69.04,2024
Kaleb Jackson - 172483,0.045638237472700544,0.055830617,2,0.14798002723558784,0.7280980481162052,0.27008624602814346,0.8370403994552883,0.6790739900136178,0.827194179172351,1,70.3775,212.0,30.75,74.13,18.0,1.56,4.53,34.5,120.0,7.095,4.31,4.5,0.6594676042189854,70.95,69.04,2024
Joseph Himon - 162843,0.06775858190042967,0.055830617,2,0.2038129822968679,0.94098955969133,0.6141625056740808,0.15524285065819338,0.7308216068996822,0.8763074124602092,1,70.3775,212.0,30.75,74.13,18.0,1.56,4.53,34.5,120.0,7.095,4.31,4.5,0.292817679558011,70.95,69.04,2024
Messiah Burch - 171198,0.08669500327749735,0.055814322,1,0.04675442578302315,0.9995460735360872,0.9800272355878348,0.8751702224239674,0.746255106672719,0.9740791268758526,0,70.3775,212.0,30.75,74.13,18.0,1.56,4.53,34.5,120.0,7.095,4.31,4.5,0.6780512305374183,70.95,69.04,2024
Durell Robinson - 172220,0.06848914654765899,0.05577126,2,0.4702678166137086,0.5651384475714935,0.9064911484339537,0.6409441670449387,0.7807535179300953,0.2992269213278763,0,70.3775,212.0,30.75,74.13,18.0,1.56,4.53,34.5,120.0,7.095,4.31,4.5,0.19588146659969866,70.95,69.04,2024
Willie Shaw - 145916,0.0660368082197801,0.05577126,2,0.15615070358601907,0.5901044030867,0.23286427598729006,0.33318202451202905,0.39355424421243757,0.2992269213278763,0,70.3775,212.0,30.75,74.13,18.0,1.56,4.53,34.5,120.0,7.095,4.31,4.5,0.4359618282270216,70.95,69.04,2024
Kendrick Raphael - 170378,0.042353254323050996,0.05577126,2,0.46118928733545167,0.6504766227871085,0.6863368134362233,0.24148887880163414,0.5801180208806174,0.34652114597544337,1,70.3775,212.0,30.75,74.13,18.0,1.56,4.53,34.5,120.0,7.095,4.31,4.5,0.03967855349070819,70.95,69.04,2024
Tyler Crowe - 101219,0.04154847631087821,0.05573239,1,0.033590558329550615,0.8919655015887427,0.082614616432138,0.9832047208352247,0.6808896958692692,0.43838108231014095,0,70.3775,212.0,30.75,74.13,18.0,1.56,4.53,34.5,120.0,7.095,4.31,4.5,0.5524861878453039,70.95,69.04,2024
Turbo Richard - 190199,0.060188201463985284,0.05573239,1,0.3136631865637767,0.7807535179300953,0.6559237403540626,0.41125737630503856,0.35179300953245574,0.9554342883128695,1,70.3775,212.0,30.75,74.13,18.0,1.56,4.53,34.5,120.0,7.095,4.31,4.5,0.6584630838774486,70.95,69.04,2024
Quinton Jackson - 163001,0.09556926395076487,0.05573239,1,0.24648206990467544,0.8443032228778938,0.914661824784385,0.17158420335905583,0.7771221062187925,0.4943155979990905,0,70.3775,212.0,30.75,74.13,18.0,1.56,4.53,34.5,120.0,7.095,4.31,4.5,0.13561024610748368,70.95,69.04,2024
Cam Barfield - 162657,0.02364623961980289,0.05573239,1,0.08851566046300499,0.8738084430322288,0.46209714026327736,0.0,0.7839310031774852,0.954524783992724,0,70.3775,212.0,30.75,74.13,18.0,1.56,4.53,34.5,120.0,7.095,4.31,4.5,0.5323957810145655,70.95,69.04,2024
JQ Gray - 176418,0.024624291870012617,0.05573239,1,0.08851566046300499,0.6999546073536087,0.902859736722651,0.0,0.11575124829777576,0.5279672578444747,0,70.3775,212.0,30.75,74.13,18.0,1.56,4.53,34.5,120.0,7.095,4.31,4.5,0.48066298342541436,70.95,69.04,2024
Javen Jacobs - 157190,0.07221632421646766,0.05573239,1,0.15115751248297776,0.7448933272809805,0.8924194280526555,0.9328188833408988,0.6808896958692692,0.8167348794906776,0,70.3775,212.0,30.75,74.13,18.0,1.56,4.53,34.5,120.0,7.095,4.31,4.5,0.0934203917629332,70.95,69.04,2024
Lamar Sperling - 171214,0.032880241893762,0.05573239,1,0.1584203359055833,0.8070812528370404,0.10712664548343169,0.22378574670903315,0.5851112119836587,0.935425193269668,0,70.3775,212.0,30.75,74.13,18.0,1.56,4.53,34.5,120.0,7.095,4.31,4.5,0.26167754897036666,70.95,69.04,2024
Derrick McFall - 183252,0.053766344407086934,0.05573239,1,0.0,0.8892419428052656,0.41761234679981846,0.9359963685882887,0.4026327734906945,0.9909049567985448,0,70.3775,212.0,30.75,74.13,18.0,1.56,4.53,34.5,120.0,7.095,4.31,4.5,0.6027122049221497,70.95,69.04,2024
Micah Welch - 183887,0.05435631239749627,0.055673037,1,0.21561507035860192,0.7807535179300953,0.8833408987743986,0.9632319564230595,0.3200181570585565,0.3542519326966803,1,70.3775,212.0,30.75,74.13,18.0,1.56,4.53,34.5,120.0,7.095,4.31,4.5,0.12556504269211452,70.95,69.04,2024
Savion Red - 163857,0.005404216751961144,0.055655528,2,0.46300499319110305,0.8570131638674535,0.4171584203359056,0.672719019518838,0.7807535179300953,0.17326057298772168,0,70.3775,212.0,30.75,74.13,18.0,1.56,4.53,34.5,120.0,7.095,4.31,4.5,0.6870919136112507,70.95,69.04,2024
Djouvensky Schlenbaker - 157345,0.044624836527033154,0.055573598,2,0.15115751248297776,0.5719473445301861,0.2755333635950976,0.3822060826146164,0.15569677712210622,0.1778080945884493,1,70.3775,212.0,30.75,74.13,18.0,1.56,4.53,34.5,120.0,7.095,4.31,4.5,0.24108488196885988,70.95,69.04,2024
Christopher Frew - 173863,0.06346380702580473,0.055475373,1,0.22605537902859738,0.6817975487970949,0.8669995460735361,0.1870177031320926,0.4026327734906945,0.23419736243747158,0,70.3775,212.0,30.75,74.13,18.0,1.56,4.53,34.5,120.0,7.095,4.31,4.5,0.3897538925163235,70.95,69.04,2024
Chad Alexander - 175356,0.0596486898341737,0.055475373,1,0.33499773036768044,0.6672719019518838,0.7312755333635951,0.13708579210167954,0.7771221062187925,0.12914961346066395,1,70.3775,212.0,30.75,74.13,18.0,1.56,4.53,34.5,120.0,7.095,4.31,4.5,0.08538422903063787,70.95,69.04,2024
George Hart - 146269,0.0898712692432408,0.055475373,1,0.21561507035860192,0.7807535179300953,0.7576032682705401,0.5796640944167045,0.6000907852927826,0.1996361982719418,0,70.3775,212.0,30.75,74.13,18.0,1.56,4.53,34.5,120.0,7.095,4.31,4.5,0.08086388749372175,70.95,69.04,2024
Lee Witherspoon - 99166,0.09462721810039643,0.055475373,1,0.11348161597821153,0.7517022242396731,0.9450748978665456,0.0,0.5120290512936905,0.08867667121418826,0,70.3775,212.0,30.75,74.13,18.0,1.56,4.53,34.5,120.0,7.095,4.31,4.5,0.08186840783525866,70.95,69.04,2024
Bryson Donnell - 157328,0.05022163353227871,0.055475373,1,0.1316386745347254,0.6999546073536087,0.33318202451202905,0.0,0.45029505220154337,0.08003638017280582,0,70.3775,212.0,30.75,74.13,18.0,1.56,4.53,34.5,120.0,7.095,4.31,4.5,0.3028628829733802,70.95,69.04,2024
David Mbadinga - 174136,0.016555997072871288,0.055475373,1,0.33499773036768044,0.958692691783931,0.27099409895596915,0.6758965047662279,0.2823422605537903,0.1628012733060482,0,70.3775,212.0,30.75,74.13,18.0,1.56,4.53,34.5,120.0,7.095,4.31,4.5,0.11351079859367152,70.95,69.04,2024
Caleb Komolafe - 176513,0.04105197854139279,0.055475373,1,0.2705401724920563,0.8016341352700862,0.05401724920562869,0.0,0.1525192918747163,0.0768531150522965,1,70.3775,212.0,30.75,74.13,18.0,1.56,4.53,34.5,120.0,7.095,4.31,4.5,0.10346559517830237,70.95,69.04,2024
Deion Brown - 175046,0.08576517872810324,0.055475373,1,0.013617793917385384,0.6246028143440763,0.7185655923740354,0.44893327280980483,0.6032682705401725,0.24602091859936334,0,70.3775,212.0,30.75,74.13,18.0,1.56,4.53,34.5,120.0,7.095,4.31,4.5,0.6489201406328479,70.95,69.04,2024
Jabari Bates - 157835,0.0347025153066897,0.055475373,1,0.35088515660463004,0.8102587380844303,0.24648206990467544,0.13300045392646392,0.43032228778937814,0.25966348340154616,0,70.3775,212.0,30.75,74.13,18.0,1.56,4.53,34.5,120.0,7.095,4.31,4.5,0.27724761426418887,70.95,69.04,2024
Jordan Marshall - 190837,0.03513573095067967,0.055475373,1,0.08851566046300499,0.9786654561960962,0.05674080798910577,0.0,0.669541534271448,0.008640291041382447,1,70.3775,212.0,30.75,74.13,18.0,1.56,4.53,34.5,120.0,7.095,4.31,4.5,0.46659969864389755,70.95,69.04,2024
Trent Battle - 144683,0.07323941321432113,0.055475373,1,0.21561507035860192,0.9650476622787109,0.3613254652746255,0.5796640944167045,0.5388107126645484,0.17007730786721237,1,70.3775,212.0,30.75,74.13,18.0,1.56,4.53,34.5,120.0,7.095,4.31,4.5,0.06127574083375188,70.95,69.04,2024
James Peoples - 183706,0.03655672811857618,0.055475373,1,0.2623694961416251,0.7535179300953245,0.1316386745347254,0.4970494779845665,0.5678620063549705,0.0050022737608003635,1,70.3775,212.0,30.75,74.13,18.0,1.56,4.53,34.5,120.0,7.095,4.31,4.5,0.3912606730286288,70.95,69.04,2024
Devonte Lyons - 189778,0.08053969353943663,0.05510654,1,0.2038129822968679,0.29641398093508853,0.988197911938266,0.5941897412619156,0.9005901044030867,0.7917235106866758,0,70.3775,212.0,30.75,74.13,18.0,1.56,4.53,34.5,120.0,7.095,4.31,4.5,0.6926167754897037,70.95,69.04,2024
Jordan Brunson - 123342,0.0343697677723261,0.05502461,1,0.29550612800726284,0.0031774852473899226,0.21289151157512484,0.9137539718565593,0.825692237857467,0.8667576170986813,0,70.3775,212.0,30.75,74.13,18.0,1.56,4.53,34.5,120.0,7.095,4.31,4.5,0.6032144650929181,70.95,69.04,2024
Bryce Duke - 157656,0.023659981170551937,0.05502461,1,0.23694961416250568,0.4666364049024058,0.9237403540626419,0.0,0.8933272809804812,0.6593906321055025,0,70.3775,212.0,30.75,74.13,18.0,1.56,4.53,34.5,120.0,7.095,4.31,4.5,0.19487694625816174,70.95,69.04,2024
Davion Gause - 183328,0.07047785475555306,0.054937948,1,0.4144348615524285,0.5270086246028144,0.8742623694961417,0.7830231502496595,0.8461189287335452,0.5193269668030923,1,70.3775,212.0,30.75,74.13,18.0,1.56,4.53,34.5,120.0,7.095,4.31,4.5,0.3023606228026118,70.95,69.04,2024
Lloyd Avant - 190713,0.09275068806227654,0.054851,1,0.48660916931457104,0.21788470267816615,0.11756695415342715,0.11030413073082161,0.2823422605537903,0.5111414279217826,0,70.3775,212.0,30.75,74.13,18.0,1.56,4.53,34.5,120.0,7.095,4.31,4.5,0.14565544952285284,70.95,69.04,2024
Amani Givens - 189819,0.07636828414433383,0.054851,1,0.48660916931457104,0.33136631865637767,0.28778937812074445,0.2342260553790286,0.548797094870631,0.4138244656662119,0,70.3775,212.0,30.75,74.13,18.0,1.56,4.53,34.5,120.0,7.095,4.31,4.5,0.6629834254143646,70.95,69.04,2024
Micah Ford - 188865,0.09420561490330617,0.054791644,1,0.48660916931457104,0.27190195188379485,0.5288243304584658,0.0,0.31230140717203814,0.2946793997271487,1,70.3775,212.0,30.75,74.13,18.0,1.56,4.53,34.5,120.0,7.095,4.31,4.5,0.022099447513812154,70.95,69.04,2024
Richard Young - 175877,0.018201917869814333,0.05468093,1,0.022696323195642305,0.40036314117113025,0.021334543803903767,0.905583295506128,0.970494779845665,0.19326966803092316,1,70.3775,212.0,30.75,74.13,18.0,1.56,4.53,34.5,120.0,7.095,4.31,4.5,0.36865896534404824,70.95,69.04,2024
Simeon Price - 146843,0.04474560122167164,0.054630566,2,0.14798002723558784,0.4198819791193827,0.27008624602814346,0.0,0.2283250113481616,0.4092769440654843,0,70.3775,212.0,30.75,74.13,18.0,1.56,4.53,34.5,120.0,7.095,4.31,4.5,0.377197388247112,70.95,69.04,2024
Sam Scott - 150701,0.011765350438746137,0.054630566,2,0.44530186109850206,0.42941443486155245,0.3286427598729006,0.41942805265546984,0.44212437585111214,0.428831286948613,0,70.3775,212.0,30.75,74.13,18.0,1.56,4.53,34.5,120.0,7.095,4.31,4.5,0.28528377699648416,70.95,69.04,2024
Jamarion Miller - 157003,0.0871326303499465,0.054630566,3,0.4666364049024058,0.4280526554698139,0.6241488878801634,0.5601452564684521,0.4920562868815252,0.6125511596180082,1,70.3775,212.0,30.75,74.13,18.0,1.56,4.53,34.5,120.0,7.095,4.31,4.5,0.3415369161225515,70.95,69.04,2024
Jaylen Poe - 171324,0.003991305354624952,0.054619003,1,0.1316386745347254,0.05265546981389015,0.33318202451202905,0.9455288243304585,0.20018157058556513,0.671668940427467,0,70.3775,212.0,30.75,74.13,18.0,1.56,4.53,34.5,120.0,7.095,4.31,4.5,0.6343545956805625,70.95,69.04,2024
Caleb Ramseur - 172143,0.019100695537042113,0.054619003,1,0.07625964593735815,0.45528824330458467,0.06264185201997277,0.0,0.3359055832955061,0.9176898590268304,0,70.3775,212.0,30.75,74.13,18.0,1.56,4.53,34.5,120.0,7.095,4.31,4.5,0.6202913108990457,70.95,69.04,2024
Elijah JacksonAnderson - 157474,0.09673618856426802,0.054619003,1,0.29550612800726284,0.24375851112119837,0.04766227871084884,0.4375851112119837,0.40898774398547433,0.7617098681218736,0,70.3775,212.0,30.75,74.13,18.0,1.56,4.53,34.5,120.0,7.095,4.31,4.5,0.5640381717729784,70.95,69.04,2024
Noah Vaughn - 175443,0.0007552738238338464,0.054619003,1,0.1316386745347254,0.10485701316386746,0.04448479346345892,0.0,0.14389468906037223,0.770350159163256,1,70.3775,212.0,30.75,74.13,18.0,1.56,4.53,34.5,120.0,7.095,4.31,4.5,0.4610748367654445,70.95,69.04,2024
Jayden Limar - 174130,0.05202904213134976,0.054619003,1,0.0,0.12709940989559693,0.02541988197911938,0.0,0.06945074897866546,0.9895407003183265,1,70.3775,212.0,30.75,74.13,18.0,1.56,4.53,34.5,120.0,7.095,4.31,4.5,0.5544952285283777,70.95,69.04,2024
Ezell Jolly - 175641,0.03383771112187282,0.054619003,1,0.38538356786200634,0.33499773036768044,0.11484339536995007,0.12392192464820699,0.14389468906037223,0.671668940427467,0,70.3775,212.0,30.75,74.13,18.0,1.56,4.53,34.5,120.0,7.095,4.31,4.5,0.3545956805625314,70.95,69.04,2024
Jacqez Barksdale - 176082,0.06899525472450695,0.05457121,2,0.4144348615524285,0.3345438039037676,0.4035406264185202,0.3077621425329097,0.4348615524285066,0.28831286948613005,0,70.3775,212.0,30.75,74.13,18.0,1.56,4.53,34.5,120.0,7.095,4.31,4.5,0.4540431943746861,70.95,69.04,2024
Jerrick Gibson - 184509,0.09940045389344354,0.0545664,1,0.5079437131184749,0.37358147980027234,0.7185655923740354,0.6704493871992737,0.5329096686336814,0.5852660300136425,1,70.3775,212.0,30.75,74.13,18.0,1.56,4.53,34.5,120.0,7.095,4.31,4.5,0.43797086891009546,70.95,69.04,2024
Owen Allen - 127306,0.054914349096636096,0.0545664,1,0.49750340444847935,0.09441670449387199,0.06536541080344985,0.23059464366772583,0.2224239673172946,0.4843110504774898,0,70.3775,212.0,30.75,74.13,18.0,1.56,4.53,34.5,120.0,7.095,4.31,4.5,0.6554495228528378,70.95,69.04,2024
CaLil Valentine - 183515,0.09630044659922582,0.05453234,1,0.29550612800726284,0.1693145710394916,0.21289151157512484,0.1525192918747163,0.3200181570585565,0.561618917689859,1,70.3775,212.0,30.75,74.13,18.0,1.56,4.53,34.5,120.0,7.095,4.31,4.5,0.3611250627825213,70.95,69.04,2024
Tyler Purdy - 101842,0.07262695914100269,0.05453234,1,0.1316386745347254,0.19518837948252382,0.04448479346345892,0.7258284157966409,0.40898774398547433,0.561618917689859,0,70.3775,212.0,30.75,74.13,18.0,1.56,4.53,34.5,120.0,7.095,4.31,4.5,0.4809141135107986,70.95,69.04,2024
Fred Robertson - 189826,0.0015016148417095754,0.05453234,1,0.08851566046300499,0.2646391284611893,0.46209714026327736,0.0,0.6109850204266909,0.6043656207366985,0,70.3775,212.0,30.75,74.13,18.0,1.56,4.53,34.5,120.0,7.095,4.31,4.5,0.22702159718734305,70.95,69.04,2024
Taven Curry - 163012,0.039407479616453224,0.05453234,1,0.10167952791647752,0.13300045392646392,0.4316840671811167,0.0,0.790285973672265,0.4138244656662119,0,70.3775,212.0,30.75,74.13,18.0,1.56,4.53,34.5,120.0,7.095,4.31,4.5,0.33500753390256155,70.95,69.04,2024
Jalen Washington - 184783,0.021868213967471285,0.05453234,1,0.013617793917385384,0.4457557875624149,0.9727644121652292,0.44893327280980483,0.44212437585111214,0.6043656207366985,0,70.3775,212.0,30.75,74.13,18.0,1.56,4.53,34.5,120.0,7.095,4.31,4.5,0.5163234555499749,70.95,69.04,2024
Sevaughn Clark - 99159,0.05961829714701571,0.05453234,1,0.403994552882433,0.09668633681343622,0.18338629142078983,0.0,0.03631411711302769,0.394724874943156,0,70.3775,212.0,30.75,74.13,18.0,1.56,4.53,34.5,120.0,7.095,4.31,4.5,0.1220492214967353,70.95,69.04,2024
Vaughn Blue - 174921,0.03324272336311187,0.05453234,1,0.11348161597821153,0.05991829323649569,0.861552428506582,0.277349069450749,0.07762142532909669,0.5934515688949522,0,70.3775,212.0,30.75,74.13,18.0,1.56,4.53,34.5,120.0,7.095,4.31,4.5,0.11702661978905073,70.95,69.04,2024
Taylor Tatum - 188782,0.08807501331411109,0.054472987,1,0.3195642305946437,0.06309577848388562,0.17339990921470722,0.7026781661370858,0.5678620063549705,0.38335607094133695,1,70.3775,212.0,30.75,74.13,18.0,1.56,4.53,34.5,120.0,7.095,4.31,4.5,0.2877950778503265,70.95,69.04,2024
JMarion Burnette - 190802,0.041992317111107916,0.054472987,1,0.2038129822968679,0.07035860190649115,0.20108942351339082,0.0,0.3309123921924648,0.3246930422919509,1,70.3775,212.0,30.75,74.13,18.0,1.56,4.53,34.5,120.0,7.095,4.31,4.5,0.287292817679558,70.95,69.04,2024
Benjamin Hall - 174038,0.004857903284426879,0.054472987,1,0.04675442578302315,0.5170222423967318,0.017703132092601,0.0,0.004539264639128461,0.28240109140518416,1,70.3775,212.0,30.75,74.13,18.0,1.56,4.53,34.5,120.0,7.095,4.31,4.5,0.4389753892516323,70.95,69.04,2024
Kam Davis - 183297,0.007156011243383231,0.054472987,1,0.27871084884248754,0.46799818429414436,0.23694961416250568,0.0,0.7635043123014071,0.28831286948613005,1,70.3775,212.0,30.75,74.13,18.0,1.56,4.53,34.5,120.0,7.095,4.31,4.5,0.2501255650426921,70.95,69.04,2024
Cole Tabb - 188876,0.011739843719148924,0.05439641,1,0.033590558329550615,0.5565138447571494,0.3050385837494326,0.0,0.3672265093054925,0.1550704865848113,1,70.3775,212.0,30.75,74.13,18.0,1.56,4.53,34.5,120.0,7.095,4.31,4.5,0.5072827724761426,70.95,69.04,2024
Hahsaun Wilson - 145580,0.07473259059374145,0.054373547,2,0.46118928733545167,0.3327280980481162,0.7417158420335905,0.8520199727644122,0.5837494325919201,0.1550704865848113,0,70.3775,212.0,30.75,74.13,18.0,1.56,4.53,34.5,120.0,7.095,4.31,4.5,0.3556002009040683,70.95,69.04,2024
Andrew Paul - 124736,0.015307051512477311,0.054373547,2,0.112119836586473,0.30730821606899683,0.19064911484339536,0.8815251929187472,0.5896504766227871,0.10959527057753524,0,70.3775,212.0,30.75,74.13,18.0,1.56,4.53,34.5,120.0,7.095,4.31,4.5,0.5253641386238072,70.95,69.04,2024
Jamari Ferrell - 71409,0.06495009556955038,0.054373547,2,0.403994552882433,0.41125737630503856,0.11938266000907853,0.12619155696777123,0.15660463004993191,0.19326966803092316,0,70.3775,212.0,30.75,74.13,18.0,1.56,4.53,34.5,120.0,7.095,4.31,4.5,0.18382722250125566,70.95,69.04,2024
CJ Hester - 171398,0.06263093617098563,0.054373547,2,0.4702678166137086,0.4212437585111212,0.5519745801180209,0.6836132546527462,0.7290059010440308,0.15961800818553887,0,70.3775,212.0,30.75,74.13,18.0,1.56,4.53,34.5,120.0,7.095,4.31,4.5,0.1868407835258664,70.95,69.04,2024
Kamari Moulton - 170168,0.07923668721988562,0.054373547,2,0.3136631865637767,0.3268270540172492,0.277349069450749,0.7217430776214253,0.6404902405810259,0.08003638017280582,1,70.3775,212.0,30.75,74.13,18.0,1.56,4.53,34.5,120.0,7.095,4.31,4.5,0.3264691109994977,70.95,69.04,2024
Jaziun Patterson - 156421,0.045882107993259647,0.054373547,2,0.3581479800272356,0.0994098955969133,0.04675442578302315,0.3418066273263731,0.5247389922832502,0.15961800818553887,1,70.3775,212.0,30.75,74.13,18.0,1.56,4.53,34.5,120.0,7.095,4.31,4.5,0.25565042692114515,70.95,69.04,2024
Anthony Carrie - 183214,0.030476807341109746,0.054275323,1,0.0,0.0,0.41761234679981846,0.4761688606445756,0.011348161597821153,0.22783083219645292,1,70.3775,212.0,30.75,74.13,18.0,1.56,4.53,34.5,120.0,7.095,4.31,4.5,0.48669010547463587,70.95,69.04,2024
Yasin Willis - 183381,0.01308254412502623,0.054275323,1,0.1316386745347254,0.3082160689968225,0.13753971856559238,0.25510667271901954,0.3454380390376759,0.2555707139608913,1,70.3775,212.0,30.75,74.13,18.0,1.56,4.53,34.5,120.0,7.095,4.31,4.5,0.10547463586137619,70.95,69.04,2024
Chris Davis - 188861,0.0026611115559959544,0.054275323,1,0.3050385837494326,0.3082160689968225,0.1970040853381752,0.0,0.5896504766227871,0.11823556161891768,1,70.3775,212.0,30.75,74.13,18.0,1.56,4.53,34.5,120.0,7.095,4.31,4.5,0.26619789050728276,70.95,69.04,2024
Curtis Douglas - 176095,0.023268637889288093,0.054275323,1,0.23694961416250568,0.10167952791647752,0.029959146618247844,0.0,0.31230140717203814,0.05820827648931332,0,70.3775,212.0,30.75,74.13,18.0,1.56,4.53,34.5,120.0,7.095,4.31,4.5,0.13460572576594676,70.95,69.04,2024
Enoch Nawahine - 97303,0.03823702124187517,0.054275323,1,0.06173399909214707,0.17158420335905583,0.06945074897866546,0.34589196550158874,0.05220154334997731,0.05638926784902228,1,70.3775,212.0,30.75,74.13,18.0,1.56,4.53,34.5,120.0,7.095,4.31,4.5,0.341034655951783,70.95,69.04,2024
Jay Haynes - 170010,0.06943861001685755,0.054275323,1,0.2038129822968679,0.29641398093508853,0.8987743985474353,0.8801634135270087,0.6922378574670903,0.22783083219645292,1,70.3775,212.0,30.75,74.13,18.0,1.56,4.53,34.5,120.0,7.095,4.31,4.5,0.6127574083375188,70.95,69.04,2024
Mike Mitchell - 176656,0.09210843010221294,0.054275323,1,0.24648206990467544,0.09759418974126191,0.061280072628234226,0.17158420335905583,0.08806173399909215,0.1550704865848113,1,70.3775,212.0,30.75,74.13,18.0,1.56,4.53,34.5,120.0,7.095,4.31,4.5,0.5138121546961326,70.95,69.04,2024
Tariq Sims - 145353,0.025297276181142525,0.054275323,1,0.08851566046300499,0.07217430776214254,0.20699046754425782,0.8161597821152973,0.05220154334997731,0.008640291041382447,0,70.3775,212.0,30.75,74.13,18.0,1.56,4.53,34.5,120.0,7.095,4.31,4.5,0.27122049221496736,70.95,69.04,2024
Terrence Gist - 173865,0.09442031638335532,0.054275323,1,0.16886064457557876,0.04357694053563323,0.009986382206082615,0.0,0.08806173399909215,0.008640291041382447,0,70.3775,212.0,30.75,74.13,18.0,1.56,4.53,34.5,120.0,7.095,4.31,4.5,0.47463586137619285,70.95,69.04,2024
Braylen Russell - 184393,0.0032197934937924,0.054275323,1,0.4144348615524285,0.30276895142986837,0.6858828869723105,0.5696777122106219,0.4593735814798003,0.14279217826284674,1,70.3775,212.0,30.75,74.13,18.0,1.56,4.53,34.5,120.0,7.095,4.31,4.5,0.23254645906579607,70.95,69.04,2024
Bryan Jackson - 183621,0.018690374892671537,0.054275323,1,0.1316386745347254,0.10485701316386746,0.9210167952791648,0.25510667271901954,0.47389922832501136,0.008640291041382447,1,70.3775,212.0,30.75,74.13,18.0,1.56,4.53,34.5,120.0,7.095,4.31,4.5,0.3676544450025113,70.95,69.04,2024
Devin Green - 188487,0.0035033168534048145,0.054275323,1,0.033590558329550615,0.03676804357694054,0.01997276441216523,0.39536995006808895,0.09577848388561053,0.008640291041382447,0,70.3775,212.0,30.75,74.13,18.0,1.56,4.53,34.5,120.0,7.095,4.31,4.5,0.44249121044701156,70.95,69.04,2024
Jamal Roberts - 175912,0.09520107249691939,0.054275323,1,0.29550612800726284,0.42532909668633684,0.022696323195642305,0.7389922832501135,0.2623694961416251,0.11596180081855388,1,70.3775,212.0,30.75,74.13,18.0,1.56,4.53,34.5,120.0,7.095,4.31,4.5,0.14163736815670516,70.95,69.04,2024
Peyton Lewis - 184885,0.04312657393179653,0.054275323,1,0.38538356786200634,0.2646391284611893,0.6177939173853836,0.6032682705401725,0.6881525192918747,0.23419736243747158,1,70.3775,212.0,30.75,74.13,18.0,1.56,4.53,34.5,120.0,7.095,4.31,4.5,0.38824711200401807,70.95,69.04,2024
Derrick Davis - 146794,0.024751315350035642,0.054275323,1,0.033590558329550615,0.20880617339990923,0.082614616432138,0.8906037221970041,0.10122560145256468,0.12914961346066395,1,70.3775,212.0,30.75,74.13,18.0,1.56,4.53,34.5,120.0,7.095,4.31,4.5,0.1652435961828227,70.95,69.04,2024
Jake Rendina - 171009,0.01963464446247616,0.054275323,1,0.04675442578302315,0.009532455742169769,0.0,0.3690422151611439,0.09441670449387199,0.008640291041382447,0,70.3775,212.0,30.75,74.13,18.0,1.56,4.53,34.5,120.0,7.095,4.31,4.5,0.41386238071320947,70.95,69.04,2024
Lamar Radcliffe - 188843,0.07501916797917209,0.054275323,1,0.10167952791647752,0.13300045392646392,0.18338629142078983,0.289151157512483,0.7594189741261915,0.008640291041382447,0,70.3775,212.0,30.75,74.13,18.0,1.56,4.53,34.5,120.0,7.095,4.31,4.5,0.4836765444500251,70.95,69.04,2024
Domonique Thomas - 156226,0.0707581118559356,0.054275323,1,0.19019518837948252,0.07444394008170677,0.4094416704493872,0.1988197911938266,0.7312755333635951,0.008640291041382447,1,70.3775,212.0,30.75,74.13,18.0,1.56,4.53,34.5,120.0,7.095,4.31,4.5,0.5459568056253139,70.95,69.04,2024
Keith Adams - 156236,0.05694476888441,0.054275323,1,0.04675442578302315,0.18883340898774398,0.5910122560145257,0.3690422151611439,0.43032228778937814,0.07366984993178717,1,70.3775,212.0,30.75,74.13,18.0,1.56,4.53,34.5,120.0,7.095,4.31,4.5,0.2913108990457057,70.95,69.04,2024
London Montgomery - 170288,0.07557001104184699,0.054275323,1,0.4498411257376305,0.15070358601906492,0.3522469359963686,0.26191556967771223,0.39355424421243757,0.14733969986357434,0,70.3775,212.0,30.75,74.13,18.0,1.56,4.53,34.5,120.0,7.095,4.31,4.5,0.1496735308890005,70.95,69.04,2024
Ayden Harris - 184075,0.007936579037801572,0.054275323,1,0.033590558329550615,0.03676804357694054,0.3050385837494326,0.39536995006808895,0.6264185201997277,0.008640291041382447,0,70.3775,212.0,30.75,74.13,18.0,1.56,4.53,34.5,120.0,7.095,4.31,4.5,0.5062782521346058,70.95,69.04,2024
Duncan Brune - 184113,0.09541439688984597,0.054275323,1,0.013617793917385384,0.014525646845211076,0.0,0.44893327280980483,0.35179300953245574,0.008640291041382447,0,70.3775,212.0,30.75,74.13,18.0,1.56,4.53,34.5,120.0,7.095,4.31,4.5,0.48920140632847814,70.95,69.04,2024
